Date,BTC.D,ETH.D,SOL.D,HYPE.D,OTHERS.D,BTC.D_Change,ETH.D_Change,SOL.D_Change,BTC.D_MA7_Change,ETH.D_MA7_Change,SOL.D_MA7_Change
2024-11-29,96.20637000881965,3.547215744345289,0.0060012875556777635,0.24041295927939255,0.24041295927939255,,,,,,
2024-11-30,96.06363006966913,3.6908967783949183,0.00867946703102061,0.2367936849049279,0.2367936849049279,-0.1427399391505162,0.14368103404962929,0.002678179475342846,,,
2024-12-01,96.09100281291937,3.665813563582558,0.009010753377507747,0.23417287012056331,0.23417287012056331,0.02737274325023975,-0.02508321481236031,0.00033128634648713767,,,
2024-12-02,96.11180963495394,3.6535690605865847,0.008284607204380722,0.22633669725509037,0.22633669725509037,0.020806822034572292,-0.012244502995973239,-0.0007261461731270253,,,
2024-12-03,96.12871412411825,3.625484492382754,0.011292343235985724,0.23450904026302288,0.23450904026302288,0.016904489164303982,-0.028084568203830873,0.003007736031605002,,,
2024-12-04,96.03107867514363,3.734865346901347,0.011286917870199779,0.22276906008481728,0.22276906008481728,-0.09763544897461429,0.10938085451859303,-5.425365785944811e-06,,,
2024-12-05,95.9692427841222,3.7863760464256395,0.011894904921242202,0.23248626453091967,0.23248626453091967,-0.061835891021431166,0.05151069952429266,0.0006079870510424228,,,
2024-12-06,95.91373010747884,3.8451711166765437,0.013553832976652597,0.22754494286796267,0.22754494286796267,-0.05551267664336024,0.058795070250904136,0.0016589280554103955,-0.29263990134080586,0.2979553723312547,0.007552545420974834
2024-12-07,95.91512263101907,3.8421330769883237,0.013765180495221166,0.22897911149738723,0.22897911149738723,0.0013925235402325598,-0.003038039688219918,0.0002113475185685689,-0.1485074386500571,0.15123629859340548,0.005085713464200557
2024-12-08,95.96509516671254,3.797144917259704,0.01341008561636655,0.2243498304113905,0.2243498304113905,0.04997253569347038,-0.04498815972861969,-0.00035509487885461606,-0.12590764620682648,0.1313313536771461,0.004399332238858803
2024-12-09,96.10480675478222,3.6680083416637213,0.01280559242903,0.21437931112502773,0.21437931112502773,0.1397115880696731,-0.1291365755959828,-0.0006044931873365501,-0.007002880171725678,0.014439281077136545,0.004520985224649278
2024-12-10,96.16101980532758,3.6125087558777205,0.013784583919980954,0.21268685487471573,0.21268685487471573,0.05621305054536663,-0.05549958578600078,0.0009789914909509537,0.03230568120933697,-0.012975736505033364,0.00249224068399523
2024-12-11,96.12685133826572,3.6416533943205307,0.015392733466911652,0.21610253394683843,0.21610253394683843,-0.0341684670618605,0.029144638442810233,0.0016081495469306983,0.09577266312209076,-0.09321195258081616,0.004105815596711873
2024-12-12,96.03731352178887,3.7276235438237637,0.01712628606812836,0.21793664831922488,0.21793664831922488,-0.08953781647684877,0.085970149503233,0.0017335526012167094,0.06807073766667315,-0.05875250260187581,0.00523138114688616
2024-12-13,96.06563113861363,3.703283622382865,0.01820041050694507,0.2128848284965601,0.2128848284965601,0.028317616824750758,-0.024339921440898582,0.0010741244388167079,0.15190103113478415,-0.14188749429367853,0.004646577530292472
2024-12-14,96.10158152243048,3.6672484719655984,0.02276095030884399,0.20840905529507506,0.20840905529507506,0.03595038381685356,-0.03603515041726668,0.004560539801898921,0.18645889141140515,-0.1748846050227253,0.008995769813622824
2024-12-15,96.12952481176164,3.642406310638531,0.021929142260511878,0.20613973533930682,0.20613973533930682,0.02794328933116219,-0.02484216132706729,-0.0008318080483321125,0.16442964504909696,-0.1547386066211729,0.008519056644145328
2024-12-16,96.16288904203691,3.6164171078519556,0.024490416868075078,0.1962034332430614,0.1962034332430614,0.033364230275267914,-0.02598920278657557,0.0025612746075632,0.05808228725469178,-0.05159123381176567,0.011684824439045078
2024-12-17,96.25006656751835,3.524584293178406,0.023295217806323765,0.20205392149693124,0.20205392149693124,0.08717752548143665,-0.09183281467354965,-0.0011951990617513134,0.0890467621907618,-0.08792446269931453,0.009510633886342811
2024-12-18,96.29543319777396,3.4832837966811345,0.02262932962307007,0.1986536759218329,0.1986536759218329,0.04536663025561438,-0.04130049649727141,-0.0006658881832536934,0.16858185950823668,-0.15836959763939618,0.007236596156158419
2024-12-19,96.40315050373276,3.379790788395381,0.024942016256468455,0.19211669161538694,0.19211669161538694,0.10771730595880058,-0.1034930082857537,0.0023126866333983837,0.36583698194388603,-0.3478327554283829,0.007815730188340093
2024-12-20,96.356327571815,3.4228358364240172,0.029408955087056744,0.19142763667392498,0.19142763667392498,-0.04682293191775955,0.0430450480286364,0.004466938830588289,0.2906964332013757,-0.2804477859588479,0.011208544580111675
2024-12-21,96.47649996527393,3.3115396598108227,0.032054190475974464,0.17990618443926787,0.17990618443926787,0.1201723934589296,-0.11129617661319458,0.00264523538891772,0.37491844284345177,-0.3557088121547758,0.009293240167130474
2024-12-22,96.4643577392999,3.324383908202791,0.028514121680914304,0.18274423081639465,0.18274423081639465,-0.012142225974031362,0.012844248391968183,-0.0035400687950601605,0.3348329275382582,-0.3180224024357403,0.006584979420402426
2024-12-23,96.30387221270837,3.474141048430797,0.02899127358037324,0.19299546528046796,0.19299546528046796,-0.16048552659152904,0.14975714022800624,0.00047715189945893646,0.14098317067146127,-0.1422760594211585,0.004500856712298162
2024-12-24,96.36815027434369,3.4103739574066547,0.029094132323913138,0.1923816359257459,0.1923816359257459,0.06427806163532068,-0.06376709102414235,0.00010285874353989713,0.1180837068253453,-0.11421033577175121,0.005798914517589373
2024-12-25,96.39152337597072,3.390946683789664,0.025833428344654883,0.1916965118949571,0.1916965118949571,0.02337310162702977,-0.019427273616990703,-0.0032607039792582546,0.09609017819676069,-0.09233711289147051,0.0032040987215848117
2024-12-26,96.42994726744351,3.353287771714307,0.0273003265129852,0.1894646343291886,0.1894646343291886,0.038423891472788796,-0.03765891207535699,0.0014668981683303162,0.026796763710748905,-0.0265030166810738,0.0023583102565167442
2024-12-27,96.3769214192533,3.4071178303320417,0.027813890757513175,0.18814685965712788,0.18814685965712788,-0.053025848190202396,0.05383005861773471,0.0005135642445279753,0.020593847438306057,-0.01571800609197549,-0.0015950643295435697
2024-12-28,96.33340498872406,3.4396593716495,0.029525571931846992,0.19741006769458985,0.19741006769458985,-0.04351643052925169,0.03254154131745812,0.0017116811743338178,-0.14309497654987524,0.1281197118386772,-0.002528618544127472
2024-12-29,96.32655561671858,3.449655831529473,0.0283713914902872,0.1954171602616584,0.1954171602616584,-0.006849372005476084,0.00999645987997333,-0.0011541804415597934,-0.13780212258131996,0.12527192332668236,-0.00014273019062710501
2024-12-30,96.28507340940948,3.488334466230706,0.028054646945655164,0.198537477414169,0.198537477414169,-0.04148220730910168,0.038678634701232895,-0.00031674454463203466,-0.018798803298892608,0.014193417799909014,-0.0009366266347180761
2024-12-31,96.34370194743408,3.4364891681005996,0.024640349388732725,0.19516853507657397,0.19516853507657397,0.05862853802460677,-0.05184529813010652,-0.003414297556922439,-0.02444832690960652,0.026115210693944846,-0.004453782935180412
2025-01-01,96.35312382786016,3.4221714622641586,0.026861162236361202,0.19784354763932688,0.19784354763932688,0.009421880426074836,-0.014317705836440986,0.002220812847628477,-0.038399548110561454,0.031224778474494563,0.0010277338917063193
2025-01-02,96.33849345243527,3.4318576307624635,0.023057838139474065,0.206591078662795,0.206591078662795,-0.01463037542488621,0.009686168498304948,-0.0038033240968871375,-0.09145381500823646,0.0785698590481565,-0.004242488373511134
2025-01-03,96.22657399712486,3.535896721351681,0.023956470555500636,0.21357281096794958,0.21357281096794958,-0.1119194553104137,0.10403909058921768,0.0008986324160265707,-0.15034742212844776,0.12877889101963946,-0.003857420202012539
2025-01-04,96.18225802880298,3.581229759142173,0.024418539714296323,0.21209367234054521,0.21209367234054521,-0.04431596832188234,0.045333037790491915,0.0004620691587956874,-0.1511469599210784,0.14157038749267326,-0.005107032217550669
2025-01-05,96.21095963468204,3.556331679380186,0.023881811361634815,0.20882687457614663,0.20882687457614663,0.028701605879064118,-0.024898079761987102,-0.0005367283526615078,-0.1155959820365382,0.10667584785071282,-0.004489580128652384
2025-01-06,96.29040812869923,3.479472473952603,0.02379754882011463,0.2063218485280633,0.2063218485280633,0.07944849401718557,-0.07685920542758318,-8.426254152018448e-05,0.005334719289749046,-0.008861992278103248,-0.004257098125540534
2025-01-07,96.41158535493666,3.3637447874147917,0.02350605520715838,0.20116380244138862,0.20116380244138862,0.12117722623743532,-0.11572768653781118,-0.00029149361295625204,0.0678834075025776,-0.07274438068580791,-0.0011342941815743468
2025-01-08,96.40280157723451,3.3739013064390386,0.022912646622076493,0.20038446970437906,0.20038446970437906,-0.00878377770214911,0.010156519024246968,-0.0005934085850818858,0.04967774937435365,-0.048270155825119954,-0.00394851561428471
2025-01-09,96.42920882192298,3.3567646367908655,0.0211084776824601,0.19291806360368755,0.19291806360368755,0.02640724468847111,-0.017136669648173175,-0.0018041689396163935,0.09071536948771097,-0.07509299397159808,-0.0019493604570139655
2025-01-10,96.45969011263358,3.3281545478306507,0.02109354723431223,0.19106179230146098,0.19106179230146098,0.03048129071059691,-0.028610088960214775,-1.4930448147869313e-05,0.23311611550872158,-0.20774217352103053,-0.0028629233211884056
2025-01-11,96.43971943792276,3.347230228480933,0.02133110274847298,0.19171923084782413,0.19171923084782413,-0.01997067471081948,0.019075680650282312,0.0002375555141607491,0.25746140911978443,-0.23399953066124013,-0.003087436965823344
2025-01-12,96.45215462776987,3.3338261883781675,0.021540026444890354,0.19247915740706842,0.19247915740706842,0.01243518984711045,-0.013404040102765524,0.0002089236964173749,0.24119499308783077,-0.22250549100201855,-0.002341784916744461
2025-01-13,96.5868775136475,3.204181870522591,0.02210030840229991,0.18684030742760974,0.18684030742760974,0.13472288587762193,-0.1296443178555764,0.0005602819574095572,0.29646938494826713,-0.27529060343001177,-0.0016972404178147195
2025-01-14,96.56473366350946,3.2247093333865946,0.022998803798885595,0.18755819930505793,0.18755819930505793,-0.022143850138036214,0.02052746286400353,0.0008984953965856836,0.1531483085727956,-0.13903545402819706,-0.0005072514082727839
2025-01-15,96.46706126316872,3.3119238213052884,0.02337536689446047,0.19763954863153818,0.19763954863153818,-0.0976724003407412,0.0872144879186938,0.0003765630955748743,0.0642596859342035,-0.06197748513375023,0.0004627202723839763
2025-01-16,96.57010483482182,3.2026579034696363,0.022757232917304582,0.20448002879123206,0.20448002879123206,0.10304357165310307,-0.1092659178356521,-0.0006181339771558873,0.14089601289883547,-0.15410673332122915,0.0016487552348444824
2025-01-17,96.56422049705665,3.211448431907727,0.021313879236445163,0.20301719179917224,0.20301719179917224,-0.005884337765166947,0.008790528438090917,-0.0014433536808594188,0.10453038442307161,-0.11670611592292346,0.00022033200213293289
2025-01-18,96.67623222856847,3.060982521308421,0.020308008821042056,0.24247724130206996,0.24247724130206996,0.11201173151181365,-0.15046591059930625,-0.0010058704154031067,0.23651279064570474,-0.286247707172512,-0.001023093927430923
2025-01-19,96.67222878103354,3.0687400835755465,0.019394811421364178,0.23963632396954143,0.23963632396954143,-0.004003447534927318,0.0077575622671255395,-0.0009131973996778786,0.22007415326366697,-0.26508610480262096,-0.0021452150235261765
2025-01-20,96.64555000869476,3.1054488708299,0.019505215809480624,0.22949590466586645,0.22949590466586645,-0.026678772338783574,0.03670878725435367,0.00011040438811644668,0.058672495047261464,-0.09873299969269089,-0.002595092592819287
2025-01-21,96.71882207322096,3.0318806899531316,0.021124098106949783,0.2281731387189539,0.2281731387189539,0.07327206452620771,-0.07356818087676853,0.001618882297469159,0.1540884097115054,-0.19282864343346295,-0.0018747056919358115
2025-01-22,96.7140389231951,3.023308504477528,0.022635903974021907,0.2400166683533439,0.2400166683533439,-0.004783150025858163,-0.008572185475603789,0.001511805867072124,0.24697766002638843,-0.28861531682776054,-0.0007394629204385619
2025-01-23,96.64379787093735,3.1000279310817342,0.02055633880244707,0.23561785917847436,0.23561785917847436,-0.07024105225775656,0.07671942660420639,-0.002079565171574836,0.0736930361155288,-0.10262997238790206,-0.0022008941148575108
2025-01-24,96.69210409362074,3.052942225978692,0.0212373085771128,0.23371637182344765,0.23371637182344765,0.048306222683393685,-0.04708570510304222,0.0006809697746657274,0.12788359656408943,-0.1585062059290352,-7.657065933236451e-05
2025-01-25,96.67952545826226,3.0627237820487196,0.02132660737286268,0.2364241523161619,0.2364241523161619,-0.012578635358480028,0.00978155607002762,8.929879574988073e-05,0.0032932296937957517,0.001741260740298678,0.001018598551820623
2025-01-26,96.7044839837032,3.04773155496313,0.020924869307045124,0.2268595920266372,0.2268595920266372,0.024958525440936796,-0.014992227085589782,-0.000401738065817555,0.032255202669659866,-0.021008528612416644,0.0015300578856809466
2025-01-27,96.74273459089049,3.0124832980011504,0.02201533625760764,0.2227667748507565,0.2227667748507565,0.038250607187293895,-0.03524825696197942,0.0010904669505625159,0.09718458219573733,-0.09296557282874973,0.0025101204481270158
2025-01-28,96.82147161628562,2.940129121612068,0.02130970779182738,0.21708955431049257,0.21708955431049257,0.07873702539512806,-0.07235417638908226,-0.0007056284657802614,0.10264954306465768,-0.09175156834106346,0.00018560968487759538
2025-01-29,96.85742435466972,2.907499822840366,0.022178278482318688,0.2128975440075931,0.2128975440075931,0.03595273838409696,-0.032629298771702064,0.000868570690491309,0.1433854314746128,-0.11580868163716174,-0.0004576254917032195
2025-01-30,96.75358623363984,3.0002716473690834,0.02533456235570455,0.22080755663537646,0.22080755663537646,-0.10383812102988088,0.09277182452871724,0.003156283873385863,0.10978836270248848,-0.09975628371265088,0.00477822355325748
2025-01-31,96.64331217455972,3.1126917073254745,0.025391073232569797,0.21860504488222798,0.21860504488222798,-0.1102740590801119,0.11242005995639115,5.651087686524628e-05,-0.0487919190610171,0.059749481346782485,0.0041537646554569985
2025-02-01,96.77416511016568,2.9980719396625934,0.022222436058757702,0.20554051411296018,0.20554051411296018,0.130852935605958,-0.11461976766288107,-0.003168637173812095,0.09463965190342094,-0.0646518423861262,0.0008958286858950226
2025-02-02,96.92985044811714,2.8464006969997984,0.02220763758549193,0.20154121729756827,0.20154121729756827,0.15568533795145356,-0.15167124266279508,-1.4798473265770218e-05,0.2253664644139377,-0.2013308579633315,0.0012827682784468074
2025-02-03,97.0096032710416,2.7595237137143647,0.024093290841742915,0.20677972440229572,0.20677972440229572,0.07975282292446195,-0.0868769832854337,0.0018856532562509833,0.26686868015110576,-0.2529595842867858,0.002077954584135275
2025-02-04,97.05742709164728,2.7122928575033662,0.024911287051541286,0.20536876379780702,0.20536876379780702,0.047823820605685796,-0.04723085621099843,0.000817996209798371,0.2359554753616635,-0.22783626410870195,0.003601579259713907
2025-02-05,96.98011483889623,2.79830136687959,0.024855904154084178,0.1967278900700958,0.1967278900700958,-0.07731225275105658,0.08600850937622395,-5.538289745710828e-05,0.12269048422650997,-0.10919845596077593,0.00267762567176549
2025-02-06,97.08325148482263,2.702037377983157,0.023976054027136696,0.190735083167071,0.190735083167071,0.10313664592639782,-0.09626398889643317,-0.0008798501269474818,0.32966525118278867,-0.29823426938592634,-0.0013585083285678548
2025-02-07,97.14465483799056,2.6389331016532283,0.022981714605533762,0.19343034575068102,0.19343034575068102,0.06140335316793255,-0.06310427632992877,-0.0009943394216029335,0.5013426634308331,-0.47375860567224626,-0.0024093586270360345
2025-02-08,97.125628556311,2.649855955451342,0.02358500761031408,0.20093048062734065,0.20093048062734065,-0.01902628167955811,0.010922853798113863,0.0006032930047803163,0.351463446145317,-0.34821598421125133,0.0013625715515563769
2025-02-09,97.12915590398264,2.645857226726276,0.02318231273313342,0.20180455655795915,0.20180455655795915,0.003527347671635539,-0.003998728725066236,-0.00040269487718066,0.19930545586549897,-0.20054347027352248,0.0009746751476414871
2025-02-10,97.12443777146613,2.652615052267227,0.023234670392820775,0.19971250587382217,0.19971250587382217,-0.004718132516501328,0.006757825540951057,5.235765968735623e-05,0.11483450042453569,-0.10690866144713773,-0.00085862044892214
2025-02-11,97.13481606164277,2.6404964596570575,0.02383634080128076,0.20085113789888662,0.20085113789888662,0.010378290176632277,-0.012118592610169454,0.0006016704084599866,0.07738896999548217,-0.07179639784630876,-0.0010749462502605243
2025-02-12,97.06529849179863,2.713959104385851,0.025618122182590835,0.19512428163292855,0.19512428163292855,-0.06951756984413748,0.0734626447287936,0.0017817813813100734,0.08518365290240126,-0.0843422624937391,0.0007622180285066574
2025-02-13,97.08942176289574,2.6887956621316746,0.0263846675158834,0.19539790745671054,0.19539790745671054,0.024123271097110432,-0.025163442254176438,0.0007665453332925641,0.006170278073113877,-0.013241715851482372,0.0024086134887467033
2025-02-14,97.06126965601831,2.7135750762100517,0.026137576105636582,0.19901769166600258,0.19901769166600258,-0.028152106877428196,0.024779414078377027,-0.00024709141024681705,-0.08338518197224687,0.07464197455682342,0.0031558615001028197
2025-02-15,97.10063887307966,2.680318062378905,0.025517067604322704,0.19352599693711153,0.19352599693711153,0.039369217061349104,-0.033257013831146764,-0.0006205085013138781,-0.024989683231339654,0.030462106927562793,0.0019320599940086253
2025-02-16,97.09387270335623,2.688760828534486,0.02707929357857489,0.19028717453072203,0.19028717453072203,-0.0067661697234342455,0.00844276615558126,0.0015622259742521863,-0.03528320062640944,0.04290360180821029,0.0038969808454414716
2025-02-17,97.01550945439963,2.778777456715895,0.02571881030929111,0.17999427857517744,0.17999427857517744,-0.07836324895659175,0.09001662818140899,-0.001360483269283782,-0.10892831706649986,0.12616240444866822,0.0024841399164703334
2025-02-18,97.0911433030263,2.712689885556247,0.02433653250117728,0.17183027891626992,0.17183027891626992,0.07563384862666567,-0.06608757115964803,-0.001382277808113827,-0.04367275861646647,0.07219342589918964,0.0005001916998965197
2025-02-19,97.07783061156078,2.7281988331599814,0.024186329434458524,0.16978422584477912,0.16978422584477912,-0.013312691465515059,0.015508947603734224,-0.00015020306671875705,0.012532119762155958,0.014239728774130267,-0.0014317927481323107
2025-02-20,97.09611821314141,2.705890721485303,0.0241582647373284,0.17383280063596315,0.17383280063596315,0.01828760158062437,-0.022308111674678166,-2.8064697130125715e-05,0.006696450245669894,0.01709505935362854,-0.0022264027785550006
2025-02-21,97.1170834838895,2.6870899083144706,0.02519285573238796,0.17063375206364773,0.17063375206364773,0.020965270748092735,-0.018800813170832598,0.001034590995059561,0.055813827871190824,-0.026485167895581085,-0.0009447203732486226
2025-02-22,97.02525822785368,2.776836637679108,0.02494454766728945,0.17296058679992318,0.17296058679992318,-0.09182525603581837,0.08974672936463746,-0.0002483080650985091,-0.07538064522597665,0.09651857530020314,-0.0005725199370332536
2025-02-23,96.96579288700674,2.841585604460135,0.02337578882035165,0.16924571971277474,0.16924571971277474,-0.05946534084694122,0.06474896678102704,-0.001568758846937801,-0.12807981634948362,0.15282477592564891,-0.003703504758223241
2025-02-24,97.15631061491361,2.6716089042394096,0.021178593504610564,0.15090188734237414,0.15090188734237414,0.19051772790686528,-0.16997670022072553,-0.002197195315741085,0.1408011605139734,-0.1071685524764856,-0.004540216804680544
2025-02-25,97.09175567988024,2.728394424775458,0.022172649484375823,0.15767724585992077,0.15767724585992077,-0.06455493503337095,0.05678552053604857,0.0009940559797652591,0.0006123768539367802,0.015704539219211,-0.002163883016801458
2025-02-26,97.13725255245797,2.6849898710990687,0.022480669720322376,0.1552769067226422,0.1552769067226422,0.045496872577729164,-0.0434045536763894,0.0003080202359465531,0.059421940897181,-0.043208962060912626,-0.0017056597141361478
2025-02-27,97.17329436492001,2.644868159681434,0.02395790522464108,0.15787957017391932,0.15787957017391932,0.036041812462045186,-0.04012171141763465,0.0014772355043187052,0.07717615177860182,-0.06102256180386911,-0.00020035951268731686
2025-02-28,97.22748995198171,2.578856889518115,0.02307032548723231,0.17058283301294644,0.17058283301294644,0.0541955870616988,-0.06601127016331887,-0.0008875797374087724,0.11040646809220789,-0.10823301879635538,-0.00212253024515565
2025-03-01,97.30812747917099,2.507179018263481,0.022186205524959948,0.1625072970405706,0.1625072970405706,0.08063752718928185,-0.07167787125463398,-0.0008841199622723617,0.2828692513173081,-0.2696576194156268,-0.0027583421423295028
2025-03-02,97.19631390185522,2.5985072553727373,0.021100243730971104,0.18407859904107773,0.18407859904107773,-0.1118135773157718,0.09132823710925608,-0.0010859617939888433,0.23052101484847753,-0.24307834908739778,-0.002275545089380545
2025-03-03,97.39116053172968,2.4279127187593685,0.02021693054900078,0.16070981896194733,0.16070981896194733,0.194846629874462,-0.17059453661336876,-0.0008833131819703244,0.23484991681607426,-0.24369618548004102,-0.0009616629556097843
2025-03-04,97.3958808872497,2.4231279093831652,0.019171405858056805,0.16181979750907557,0.16181979750907557,0.004720355520021258,-0.004784809376203292,-0.0010455246909439747,0.30412520736946647,-0.3052665153922929,-0.003001243626319018
2025-03-05,97.4143408312658,2.4099774310183277,0.01845405256075325,0.15722768515511334,0.15722768515511334,0.01845994401610085,-0.013150478364837515,-0.0007173532973035537,0.27708827880783815,-0.275012440080741,-0.004026617159569125
2025-03-06,97.44246021215291,2.3856229398861886,0.016640973386635352,0.15527587457426714,0.15527587457426714,0.028119380887105194,-0.024354491132139167,-0.0018130791741178993,0.26916584723289816,-0.2592452197952455,-0.0073169318380057295
2025-03-07,97.42431210521893,2.402386115642215,0.01695019214929517,0.1563515869895589,0.1563515869895589,-0.01814810693397817,0.01676317575602626,0.00030921876265981724,0.1968221532372212,-0.17647077387590038,-0.00612013333793714
2025-03-08,97.3408351419772,2.487352529462315,0.01708980451358285,0.15472252404690473,0.15472252404690473,-0.08347696324173626,0.08496641382010006,0.00013961236428768065,0.032707662806203075,-0.01982648880116633,-0.005096401011377098
2025-03-09,97.39430431040562,2.4354414569878515,0.017475917024836706,0.15277831558168958,0.15277831558168958,0.0534691684284212,-0.05191107247446336,0.0003861125112538562,0.19799040855039607,-0.16306579838488577,-0.003624326706134398
2025-03-10,97.5250453203567,2.311272747835338,0.016781202305394295,0.14690072950256838,0.14690072950256838,0.1307410099510804,-0.12416870915251366,-0.000694714719442411,0.13388478862701447,-0.11663997092403067,-0.0034357282436064847
2025-03-11,97.57558399263331,2.260740958661769,0.0161686932998073,0.14750635540510063,0.14750635540510063,0.050538672276616126,-0.05053178917356904,-0.0006125090055869968,0.17970310538360934,-0.16238695072139642,-0.0030027125582495068
2025-03-12,97.61132126485043,2.2256697218344708,0.015426481949884958,0.14758253136521465,0.14758253136521465,0.0357372722171192,-0.03507123682729807,-0.0007422113499223407,0.1969804335846277,-0.18430770918385697,-0.0030275706108682937
2025-03-13,97.59394439989927,2.242777182133159,0.014857660537798318,0.1484207574297741,0.1484207574297741,-0.017376864951160087,0.01710746029868826,-0.0005688214120866397,0.1514841877463624,-0.14284575775302955,-0.001783312848837034
2025-03-14,97.60937505071968,2.2196489988115653,0.016005333998882106,0.15497061646986635,0.15497061646986635,0.015430650820405845,-0.02312818332159372,0.0011476734610837876,0.18506294550074642,-0.18273711683064953,-0.0009448581504130638
2025-03-15,97.58454988631605,2.2415557903590515,0.016644207596909197,0.15725011572798542,0.15725011572798542,-0.024825164403623035,0.021906791547486204,0.0006388735980270913,0.24371474433885965,-0.24579673910326338,-0.00044559691667365314
2025-03-16,97.60491177865933,2.23085044227119,0.015326366087630754,0.1489114129818477,0.1489114129818477,0.020361892343274235,-0.010705348087861388,-0.0013178415092784425,0.21060746825371268,-0.2045910147166614,-0.002149550937205952
2025-03-17,97.59886740622557,2.2369523106900377,0.015402039794400857,0.14877824328999398,0.14877824328999398,-0.006044372433763101,0.0061018684188476335,7.567370677010257e-05,0.07382208586886918,-0.07432043714530012,-0.0013791625109934383
2025-03-18,97.55631304101821,2.279197694101225,0.016698325373214994,0.1477909395073439,0.1477909395073439,-0.04255436520735145,0.04224538341118711,0.0012962855788141367,-0.019270951615098397,0.01845673543945603,0.0005296320734076952
2025-03-19,97.51984920705186,2.310438793985239,0.01749130421695767,0.15222069474594332,0.15222069474594332,-0.036463833966351444,0.031241099884014023,0.0007929788437426762,-0.09147205779856904,0.08476907215076812,0.002064822267072712
2025-03-20,97.53885783434616,2.2969965330046636,0.016392939550990162,0.1477526930981873,0.1477526930981873,0.019008627294297753,-0.013442260980575327,-0.0010983646659675078,-0.0550865655531112,0.054219350871504535,0.001535279013191844
2025-03-21,97.55182694392562,2.280664829634621,0.018434828593635696,0.1490733978461223,0.1490733978461223,0.012969109579458404,-0.01633170337004275,0.0020418890426455345,-0.05754810679405864,0.061015830823055506,0.002429494594753591
2025-03-22,97.52888385226987,2.3035328385579232,0.018106679599130523,0.1494766295730829,0.1494766295730829,-0.022943091655747594,0.02286800892330243,-0.000328148994505173,-0.0556660340461832,0.06197704819887173,0.0014624720022213267
2025-03-23,97.55787791161073,2.2733618596065193,0.018435411260720132,0.150324817522026,0.150324817522026,0.02899405934086019,-0.03017097895140397,0.00032873166158960826,-0.047033867048597244,0.04251141733532915,0.0031090451730893774
2025-03-24,97.5092846121594,2.315154349492644,0.01857551842110597,0.15698551992684487,0.15698551992684487,-0.04859329945132629,0.041792489886124606,0.00014010716038583698,-0.08958279406616043,0.07820203880260612,0.003173478626705112
2025-03-25,97.51655349218066,2.3052167401489703,0.01789739453240208,0.16033237313795798,0.16033237313795798,0.007268880021257473,-0.009937609343673603,-0.0006781238887038875,-0.039759548837551506,0.02601904604774541,0.0011990691591870876
2025-03-26,97.57414105642229,2.25596008754458,0.015748354073805922,0.15415050195932567,0.15415050195932567,0.05758756424162925,-0.04925665260439027,-0.002149040458596159,0.05429184937042919,-0.054478706440658886,-0.0017429501431517475
2025-03-27,97.58731454229832,2.241468000797542,0.016349387175735725,0.1548680697284114,0.1548680697284114,0.01317348587602396,-0.014492086747038169,0.0006010331019298022,0.0484567079521554,-0.05552853220712173,-4.355237525443742e-05
2025-03-28,97.64061422257349,2.1940860980726216,0.01548954478714458,0.14981013456674136,0.14981013456674136,0.053299680275173955,-0.047381902724920266,-0.0008598423885911449,0.08878727864787095,-0.08657873156199924,-0.002945283806491117
2025-03-29,97.67661708891279,2.160916259682362,0.015134260251532482,0.14733239115331292,0.14733239115331292,0.036002866339302386,-0.03316983839025944,-0.0003552845356120972,0.14773323664292093,-0.14261657887556112,-0.002972419347598041
2025-03-30,97.69413845767765,2.143171118926165,0.014795542924339492,0.14789488047184682,0.14789488047184682,0.017521368764860767,-0.017745140756197042,-0.00033871732719299025,0.1362605460669215,-0.1301907406803542,-0.0036398683363806396
2025-03-31,97.67938022864746,2.1577072984470393,0.015363041524198921,0.14754943138129753,0.14754943138129753,-0.014758229030192638,0.01453617952087427,0.0005674985998594291,0.17009561648805516,-0.15744705104560452,-0.0032124768969070475
2025-04-01,97.65462980524235,2.1848288359056784,0.01528785085796071,0.14525350799400255,0.14525350799400255,-0.024750423405109245,0.0271215374586391,-7.519066623821145e-05,0.13807631306168844,-0.12038790424329182,-0.0026095436744413714
2025-04-02,97.71971107419336,2.126883412484278,0.013899635389955553,0.13950587793241728,0.13950587793241728,0.06508126895100474,-0.0579454234214003,-0.0013882154680051571,0.14557001777106393,-0.12907667506030185,-0.0018487186838503696
2025-04-03,97.71374996277368,2.1348577909298476,0.013749352786791904,0.13764289350967862,0.13764289350967862,-0.00596111141967981,0.007974378445569474,-0.00015028260316364908,0.12643542047536016,-0.1066102098676942,-0.002600034388943821
2025-04-04,97.72710780165357,2.115928063427398,0.013845549696077528,0.14311858522294826,0.14311858522294826,0.013357838879898054,-0.01892972750244981,9.619690928562401e-05,0.08649357908008426,-0.07815803464522375,-0.001643995091067052
2025-04-05,97.73151660577088,2.113657093958998,0.014078769443628477,0.1407475308264879,0.1407475308264879,0.004408804117304044,-0.002270969468399997,0.00023321974755094975,0.05489951685808592,-0.047259165723364305,-0.001055490807904005
2025-04-06,97.8817204384774,1.9732004016036562,0.012785585268633727,0.1322935746503077,0.1322935746503077,0.1502038327065236,-0.14045669235534164,-0.0012931841749947506,0.18758198079974875,-0.1699707173225089,-0.0020099576557057654
2025-04-07,97.93153002873721,1.9222121751579206,0.014130474989259447,0.13212732111561196,0.13212732111561196,0.04980959025981235,-0.05098822644573553,0.0013448897206257207,0.25214980008975374,-0.2354951232891187,-0.0012325665349394738
2025-04-08,97.95882527955933,1.891253153813494,0.014408446335588599,0.13551312029157978,0.13551312029157978,0.02729525082212092,-0.03095902134442663,0.00027797134632915124,0.3041954743169839,-0.29357568209218443,-0.0008794045223721111
2025-04-09,97.86587387830966,1.9769453914812964,0.016074850686574115,0.14110587952246978,0.14110587952246978,-0.09295140124967816,0.08569223766780243,0.0016664043509855165,0.146162804116301,-0.1499380210029817,0.0021752152966185625
2025-04-10,97.97043123754142,1.8732770685312237,0.017499972418070872,0.13879172150928126,0.13879172150928126,0.10455735923176235,-0.10366832295007278,0.001425121731496757,0.25668127476774316,-0.26158072239862395,0.0037506196312789685
2025-04-11,97.9973947274075,1.8413392207798318,0.018470296651833053,0.14279575516084597,0.14279575516084597,0.026963489866076884,-0.03193784775139186,0.0009703242337621813,0.270286925753922,-0.274588842647566,0.004624746955755526
2025-04-12,97.94199923794213,1.8873951126591817,0.01872028627933924,0.15188536311935597,0.15188536311935597,-0.05539548946536854,0.046055891879349886,0.000249989627506185,0.2104826321712494,-0.22626198129981612,0.004641516835710761
2025-04-13,97.96233138027563,1.8690937010997648,0.018057167475517066,0.15051775114907873,0.15051775114907873,0.020332142333501224,-0.01830141155941689,-0.0006631188038221728,0.08061094179822703,-0.10410670050389137,0.005271582206883339
2025-04-14,97.95180928571835,1.8801603117157946,0.018209874761889067,0.14982052780395913,0.14982052780395913,-0.010522094557273931,0.01106661061602976,0.00015270728637200096,0.020279256981140747,-0.04205186344212608,0.004079399772629619
2025-04-15,97.97423948285669,1.860247765315072,0.017661871454640946,0.14785088037359212,0.14785088037359212,0.02243019713833405,-0.019912546400722597,-0.0005480033072481211,0.015414203297353879,-0.03100538849842205,0.003253425119052347
2025-04-16,97.9882135100775,1.8401595550376633,0.018349204199248816,0.15327773068558426,0.15327773068558426,0.013974027220811536,-0.020088210277408702,0.0006873327446078707,0.12233963176784357,-0.13678583644363318,0.002274353512674701
2025-04-17,97.99804326905272,1.8267892171678246,0.019680183588090015,0.15548733019137592,0.15548733019137592,0.009829758975214986,-0.013370337869838655,0.0013309793888411983,0.02761203151129621,-0.04648785136339906,0.0021802111700191425
2025-04-18,97.98115241338222,1.8434954181548884,0.019797982304525345,0.15555418615836702,0.15555418615836702,-0.016890855670496308,0.01670620098706377,0.00011779871643533002,-0.016242314025276983,0.0021561973750565677,0.0013276856526922912
2025-04-19,97.96077075505026,1.857475007897095,0.020814974563993574,0.16093926248864296,0.16093926248864296,-0.020381658331956487,0.013979589742206588,0.0010169922594682294,0.018771517108135072,-0.02992010476208673,0.0020946882846543356
2025-04-20,97.99477893085607,1.8264676384167713,0.020240939885011928,0.15851249084213836,0.15851249084213836,0.03400817580580906,-0.031007369480323677,-0.0005740346789816463,0.03244755058044291,-0.042626062682993515,0.002183772409494862
2025-04-21,98.05650520230505,1.7699403542332988,0.020390339285174877,0.1531641041764821,0.1531641041764821,0.06172627144897547,-0.056527284183472526,0.00014939940016294936,0.1046959165866923,-0.1102199574824958,0.0021804645232858105
2025-04-22,97.98122604282787,1.8427014902280232,0.020107410004013785,0.1559650569400882,0.1559650569400882,-0.07527915947717645,0.07276113599472445,-0.00028292928116109214,0.006986559971181805,-0.017546275087048757,0.0024455385493728395
2025-04-23,97.94520969496415,1.8774971115777168,0.01929078056048743,0.15800241289765635,0.15800241289765635,-0.036016347863721876,0.034795621349693606,-0.0008166294435263538,-0.04300381511335161,0.03733755654005355,0.0009415763612386149
2025-04-24,97.97578709453772,1.8457913792622447,0.01958114527082611,0.15884038092920835,0.15884038092920835,0.030577399573573416,-0.031705732315472135,0.00029036471033867806,-0.022256174514993177,0.019002162094420072,-9.903831726390533e-05
2025-04-25,97.97681267370358,1.8480556566724906,0.01902848687197973,0.15610318275195112,0.15610318275195112,0.0010255791658551061,0.0022642774102459295,-0.0005526583988463805,-0.004339739678641763,0.004560238517602233,-0.0007694954325456159
2025-04-26,97.94166297276867,1.8853022026825397,0.01854857779365767,0.15448624675513578,0.15448624675513578,-0.03514970093490888,0.037246546010049064,-0.00047990907832205776,-0.019107782281594154,0.02782719478544471,-0.002266396770335903
2025-04-27,97.95377536394957,1.8731607614812713,0.01817865930134914,0.1548852152678093,0.1548852152678093,0.012112391180906457,-0.012141441201268366,-0.0003699184923085311,-0.04100356690649676,0.04669312306450002,-0.002062280583662788
2025-04-28,97.97275975716437,1.8555569102640648,0.01921399179025762,0.15246934078130592,0.15246934078130592,0.018984393214793727,-0.017603851217206534,0.0010353324889084796,-0.0837454451406785,0.08561655603076601,-0.0011763474949172577
2025-04-29,97.95926905630483,1.8692933847506068,0.019303079732907954,0.15213447921165485,0.15213447921165485,-0.013490700859534854,0.013736474486542027,8.908794265033437e-05,-0.021956986523036903,0.026591894522583592,-0.0008043302711058312
2025-04-30,97.9604634643447,1.8652381004559595,0.02077323337090951,0.15352520182842186,0.15352520182842186,0.0011944080398649248,-0.004055284294647299,0.0014701536380015562,0.015253769380549898,-0.012259011121757313,0.0014824528104220788
2025-05-01,97.95946841891558,1.8671862831208559,0.020205139805720838,0.15314015815784582,0.15314015815784582,-0.0009950454291214328,0.0019481826648963807,-0.0005680935651886723,-0.01631867562214495,0.021394903858611203,0.0006239945348947284
2025-05-02,97.96654629350697,1.8627963720576044,0.020993316850308575,0.14966401758512404,0.14966401758512404,0.007077874591388422,-0.004389911063251484,0.0007881770445877373,-0.010266380196611635,0.01474071538511379,0.0019648299783288463
2025-05-03,97.95533260356312,1.873302886511995,0.02140949321134548,0.14995501671353745,0.14995501671353745,-0.011213689943843974,0.010506514454390548,0.000416176361036906,0.013669630794453269,-0.011999316170544727,0.00286091541768781
2025-05-04,97.9514949532134,1.878308594790644,0.02066339558546467,0.14953305641049142,0.14953305641049142,-0.003837650349723276,0.00500570827864899,-0.0007460976258808101,-0.0022804107361764636,0.005147833309372629,0.002484736284115531
2025-05-05,97.94626742524761,1.8811212484774642,0.02096295332784516,0.1516483729470769,0.1516483729470769,-0.005227527965786294,0.0028126536868202656,0.0002995577423804893,-0.026492331916756484,0.02556433821339943,0.0017489615375875407
2025-05-06,97.99281077891985,1.8374067962222782,0.021211304696266243,0.1485711201616036,0.1485711201616036,0.04654335367223439,-0.043714452255186,0.00024835136842108266,0.03354172261501276,-0.0318865885283286,0.001908224963358289
2025-05-07,98.00039128779476,1.8296807069460723,0.021245539685199752,0.14868246557397358,0.14868246557397358,0.007580508874909242,-0.007726089276205883,3.423498893350904e-05,0.039927823450057076,-0.03555739350988718,0.00047230631429024186
2025-05-08,97.73392670153443,2.0888055918426316,0.022053597978870323,0.15521410864407498,0.15521410864407498,-0.26646458626032654,0.25912488489655927,0.0008080582936705709,-0.22554171738114803,0.2216193087217757,0.001848458173149485
2025-05-09,97.58985663677842,2.2229370743048387,0.023409577744106465,0.1637967111726399,0.1637967111726399,-0.1440700647560078,0.13413148246220707,0.001355979765236142,-0.37668965672854426,0.36014070224723427,0.00241626089379789
2025-05-10,97.40771638601517,2.402642895290973,0.02438435019224068,0.1652563685016273,0.1652563685016273,-0.18214025076325413,0.1797058209861344,0.000974772448134216,-0.5476162175479544,0.5293400087789781,0.0029748569808952
2025-05-11,97.46463523663667,2.3500909292931373,0.02328602863116617,0.16198780543903643,0.16198780543903643,0.05691885062149993,-0.05255196599783574,-0.001098321561074509,-0.4868597165767312,0.4717823345024934,0.002622633045701501
2025-05-12,97.44526229618171,2.3660649925225457,0.023522005598953715,0.16515070569678977,0.16515070569678977,-0.019372940454957188,0.01597406322940831,0.0002359769677875434,-0.5010051290659021,0.48494374404508145,0.002559052271108555
2025-05-13,97.30059812862166,2.503395279750744,0.02413416190348064,0.17187242972411426,0.17187242972411426,-0.14466416756005174,0.1373302872281985,0.0006121563045269236,-0.6922126502981882,0.665988483528466,0.002922857207214396
2025-05-14,97.35593389652347,2.454187575062224,0.02372255654558563,0.16615597186872333,0.16615597186872333,0.05533576790180916,-0.04920770468851998,-0.0004116053578950077,-0.6444573912712883,0.6245068681161519,0.002477016860385879
2025-05-15,97.4250853419259,2.3917163586882566,0.024483468053170455,0.1587148313326852,0.1587148313326852,0.06915144540242579,-0.062471216373967575,0.0007609115075848244,-0.308841359608536,0.302910766845625,0.0024298700743001327
2025-05-16,97.42944506936607,2.387783998328925,0.025235264476187135,0.15753566782882758,0.15753566782882758,0.0043597274401747654,-0.003932360359331533,0.0007517964230166797,-0.1604115674123534,0.1648469240240864,0.0018256867320806704
2025-05-17,97.48008929472316,2.338736502849486,0.024426629085099887,0.15674757334224837,0.15674757334224837,0.05064422535708957,-0.049047495479439096,-0.0008086353910872479,0.07237290870799029,-0.0639063924414871,4.227889285920647e-05
2025-05-18,97.52684322195353,2.2889053877971306,0.024923738741479358,0.15932765150785771,0.15932765150785771,0.04675392723036964,-0.04983111505235538,0.0004971096563794707,0.062207985316860004,-0.061185541496006746,0.0016377101103131862
2025-05-19,97.48675687083872,2.3347143565107054,0.024493730336988356,0.15403504231358778,0.15403504231358778,-0.04008635111480885,0.04580896871357476,-0.0004300084044910023,0.04149457465700834,-0.031350636011840294,0.0009717247380346405
2025-05-20,97.51699840906834,2.304965640128007,0.024183937548222633,0.15385201325543904,0.15385201325543904,0.030241538229617504,-0.02974871638269816,-0.0003097927887657226,0.21640028044667758,-0.19842963962273696,4.9775644741994335e-05
2025-05-21,97.55027339386156,2.270117860267711,0.025132110729960445,0.15447663514077853,0.15447663514077853,0.03327498479322344,-0.03484777986029641,0.0009481731817378124,0.19433949733809186,-0.1840697147945134,0.0014095541843748144
2025-05-22,97.48820866015899,2.3257478324141503,0.0291774380833694,0.15686606934348532,0.15686606934348532,-0.06206473370257015,0.0556299721464395,0.004045327353408956,0.06312331823309592,-0.06596852627410632,0.004693970030198946
2025-05-23,97.51591041634838,2.2963308841755805,0.029765479486941984,0.15799321998910806,0.15799321998910806,0.027701756189387083,-0.029416948238569773,0.0005880414035725826,0.08646534698230823,-0.09145311415334456,0.004530215010754849
2025-05-24,97.51969595591574,2.2894999970801178,0.031536790508092195,0.15926725649605772,0.15926725649605772,0.0037855395673602743,-0.0068308870954627565,0.0017713110211502112,0.03960666119257894,-0.04923650576936822,0.007110161422992308
2025-05-25,97.5254765140308,2.282396480942887,0.03495133032855979,0.15717567469775126,0.15717567469775126,0.005780558115063172,-0.007103516137230592,0.003414539820467598,-0.001366707922727528,-0.006508906854243435,0.010027591587080435
2025-05-26,97.52595183072424,2.2849890512711477,0.03319287167720017,0.15586624632740695,0.15586624632740695,0.00047531669343925387,0.002592570328260546,-0.0017584586513596234,0.039194959885520575,-0.04972530523955765,0.008699141340211814
2025-05-27,97.42949828525073,2.3804983014248426,0.03194963454905076,0.15805377877537774,0.15805377877537774,-0.09645354547350848,0.09550925015369494,-0.001243237128149409,-0.08750012381760541,0.07553266129683545,0.007765697000828128
2025-05-28,97.39013363803588,2.4231487056637375,0.03115919531939172,0.1555584609809892,0.1555584609809892,-0.03936464721485322,0.04265040423889488,-0.0007904392296590422,-0.16013975582568207,0.15303084539602674,0.006027084589431273
2025-05-29,97.39042226241253,2.4270266465330463,0.02897457374857349,0.15357651730584823,0.15357651730584823,0.0002886243766511143,0.0038779408693088158,-0.002184621570818227,-0.09778639774646081,0.10127881411889605,-0.00020286433479591026
2025-05-30,97.4522266839805,2.3706925663174956,0.030680463653418238,0.1464002860485993,0.1464002860485993,0.06180442156797028,-0.05633408021555075,0.0017058899048447464,-0.06368373236787761,0.07436168214191508,0.0009149841664762536
2025-05-31,97.46773464771991,2.355780872895841,0.03057926715176467,0.14590521223248706,0.14590521223248706,0.015507963739409547,-0.014911693421654437,-0.00010119650165356722,-0.05196130819582834,0.0662808758157234,-0.0009575233563275248
2025-06-01,97.48278314639238,2.3401550907701294,0.031477562956992514,0.1455841998804952,0.1455841998804952,0.0150484986724706,-0.01562578212571175,0.0008982958052278431,-0.04269336763842091,0.057758609827242235,-0.0034737673715672795
2025-06-02,97.42306128683846,2.3988263860765575,0.033656238770000894,0.14445608831497705,0.14445608831497705,-0.05972185955391751,0.05867129530642812,0.002178675813008381,-0.10289054388577767,0.1138373348054098,0.0004633670928007247
2025-06-03,97.4266940341818,2.3963654341070777,0.03339299185457222,0.143547539856542,0.143547539856542,0.0036327473433459545,-0.0024609519694798188,-0.00026324691542867207,-0.002804251068923236,0.015867132682235052,0.0014433573055214616
2025-06-04,97.39822303330068,2.4259752234462457,0.03318096268774081,0.14262078056533073,0.14262078056533073,-0.028471000881125974,0.029609789339168024,-0.00021202916683141226,0.008089395264804011,0.0028265177825081977,0.0020217673683490915
2025-06-05,97.50895273822708,2.3195399645889783,0.03275170014540154,0.13875559703854112,0.13875559703854112,0.11072970492639911,-0.10643525885726746,-0.0004292625423392704,0.118530475814552,-0.10748668194406807,0.0037771263968280483
2025-06-06,97.51657079937253,2.314079404109319,0.031176275263384064,0.1381735212547592,0.1381735212547592,0.007618061145450383,-0.005460560479659371,-0.0015754248820174753,0.06434411539203211,-0.05661316220817669,0.0004958116099658266
2025-06-07,97.49681844155018,2.332289710515169,0.03229877941407967,0.138593068520586,0.138593068520586,-0.019752357822355293,0.018210306405850307,0.0011225041506956086,0.02908379383026727,-0.02349116238067195,0.0017195122623150025
2025-06-08,97.5129871250693,2.314263234951348,0.0322505216645047,0.1404991183148369,0.1404991183148369,0.016168683519126148,-0.018026475563821087,-4.825774957497447e-05,0.030203978676922816,-0.025891855818781284,0.0007729587075121849
2025-06-09,97.45401768138925,2.369343511434256,0.034303575551755436,0.14233523162474332,0.14233523162474332,-0.05896944368005563,0.05508027648290792,0.0020530538872507373,0.030956394550784694,-0.029482874642301482,0.0006473367817545414
2025-06-10,97.33338853080902,2.4837299894399916,0.03719715473849294,0.14568432501250028,0.14568432501250028,-0.12062915058022838,0.11438647800573554,0.0028935791867375008,-0.09330550337278964,0.08736455533291387,0.0038041628839207142
2025-06-11,97.33444967652515,2.4838378022415166,0.037478732241470004,0.14423378899185266,0.14423378899185266,0.001061145716136025,0.00010781280152505346,0.00028157750297706785,-0.06377335677552765,0.0578625787952709,0.004297769553729194
2025-06-12,97.38418252464936,2.4378854812505186,0.03746725161041809,0.14046474248970933,0.14046474248970933,0.04973284812420786,-0.045952320990998,-1.1480631051913326e-05,-0.12477021357771889,0.11834551666154036,0.004715551465016551
2025-06-13,97.45502621652835,2.3695125692767065,0.03893139839492997,0.1365298158000175,0.1365298158000175,0.07084369187899142,-0.06837291197381212,0.0014641467845118786,-0.06154458284417785,0.05543316516738761,0.007755123131545905
2025-06-14,97.4874668920814,2.3416460835886834,0.03708282275190442,0.13380420157801856,0.13380420157801856,0.03244067555304753,-0.02786648568802308,-0.0018485756430255476,-0.009351549468775033,0.009356373073514224,0.004784043337824749
2025-06-15,97.46897345935493,2.3518033600292565,0.03811113518324642,0.14111204543257233,0.14111204543257233,-0.018493432726472747,0.010157276440573071,0.0010283124313420003,-0.04401366571437393,0.03754012507790838,0.005860613518741724
2025-06-16,97.50425568229394,2.3195441760343414,0.038457509030004396,0.1377426326417084,0.1377426326417084,0.03528222293901706,-0.03225918399491512,0.0003463738467579733,0.050238000904698765,-0.04979933539991466,0.00415393347824896
2025-06-17,97.48504799119353,2.3399530466581306,0.037300657479839544,0.13769830466849814,0.13769830466849814,-0.01920769110041931,0.020408870623789266,-0.0011568515501648516,0.15165946038450784,-0.14377694278186093,0.00010350274134660747
2025-06-18,97.48128713507714,2.346151338528169,0.03653713947536363,0.13602438691933222,0.13602438691933222,-0.003760856116386435,0.006198291870038286,-0.0007635180044759174,0.14683745855198538,-0.1376864637133477,-0.0009415927661063778
2025-06-19,97.48056323528415,2.348128949898055,0.03435689246671094,0.1369509223510758,0.1369509223510758,-0.0007238997929874813,0.0019776113698859454,-0.002180247008652686,0.09638071063479003,-0.08975653135246375,-0.0031103591437071504
2025-06-20,97.56268282162098,2.273390396355834,0.031555502816789656,0.1323712792063981,0.1323712792063981,0.08211958633683025,-0.07473855354222092,-0.002801389649921285,0.10765660509262887,-0.09612217292087255,-0.007375895578140314
2025-06-21,97.64191409559348,2.1966603938428175,0.03236512966868287,0.1290603808950245,0.1290603808950245,0.0792312739724963,-0.07673000251301643,0.0008096268518932165,0.15444720351207764,-0.1449856897458659,-0.00471769308322155
2025-06-22,97.68287253431276,2.1553066883122476,0.03451151008482671,0.12730926729016134,0.12730926729016134,0.040958438719286505,-0.04135370553056994,0.002146380416143838,0.2138990749578369,-0.1964966717170089,-0.003599625098419712
2025-06-23,97.5920062927525,2.238641223236496,0.03546177877348554,0.1338907052375232,0.1338907052375232,-0.09086624156026346,0.08333453492424825,0.0009502686886588285,0.08775061045855637,-0.08090295279784554,-0.0029957302565188568
2025-06-24,97.57865498844575,2.2525529689559796,0.03449092870142804,0.13430111389684848,0.13430111389684848,-0.013351304306752354,0.013911745719483726,-0.0009708500720575011,0.09360699725222332,-0.08740007770215108,-0.0028097287784115063
2025-06-25,97.63570760899208,2.2001518810977796,0.033635103201354856,0.130505406708781,0.130505406708781,0.057052620546329536,-0.05240108785819997,-0.0008558255000731818,0.1544204739149393,-0.14599945743038933,-0.0029020362740087707
2025-06-26,97.63488460679567,2.205499317798335,0.03267989920046831,0.12693617620553108,0.12693617620553108,-0.0008230021964124035,0.005347436700555264,-0.0009552040008865489,0.15432137151151437,-0.14262963209972002,-0.0016769932662426337
2025-06-27,97.62731029402998,2.2097215439737576,0.033339106569877104,0.12962905542638897,0.12962905542638897,-0.007574312765683544,0.004222226175422783,0.0006592073694087972,0.06462747240900057,-0.06366885238207631,0.0017836037530874482
2025-06-28,97.61201124381992,2.216493419577397,0.03432123247677345,0.13717410412591424,0.13717410412591424,-0.015299050210060727,0.0067718756036394545,0.000982125906896343,-0.02990285177355645,0.019833025734579568,0.001956102808090575
2025-06-29,97.57466684572782,2.2515020613849854,0.03577418674007067,0.13805690614712315,0.13805690614712315,-0.03734439809210244,0.03500864180758834,0.0014529542632972237,-0.10820568858494539,0.09619537307273784,0.0012626766552439606
2025-06-30,97.55900629089486,2.2642108653934194,0.035878607602175705,0.14090423610954453,0.14090423610954453,-0.015660554832962248,0.012708804008433994,0.0001044208621050341,-0.03300000185764418,0.02556964215692359,0.00041682882869016613
2025-07-01,97.60853818096165,2.221662530728369,0.03411785654931959,0.13568143176066597,0.13568143176066597,0.049531890066788264,-0.04254833466505037,-0.0017607510528561132,0.02988319251589644,-0.030890438227610506,-0.00037307215210844596
2025-07-02,97.52427759151733,2.3035935867562403,0.03575198543347277,0.13637683629294506,0.13637683629294506,-0.08426058944431247,0.08193105602787121,0.0016341288841531798,-0.11143001747474557,0.10344170565846067,0.0021168822321179157
2025-07-03,97.52418998010086,2.3045194124755204,0.03573989304105891,0.13555071438256916,0.13555071438256916,-8.761141647539716e-05,0.0009258257192801267,-1.2092392413863562e-05,-0.11069462669480856,0.09902009467718553,0.003059993840590601
2025-07-04,97.56578592450974,2.265442355438917,0.035326406809031756,0.1334453132423065,0.1334453132423065,0.0415959444088827,-0.03907705703660325,-0.00041348623202715207,-0.06152436952024232,0.0557208114651595,0.001987300239154652
2025-07-05,97.56252427745203,2.2691445725763058,0.03524313881320009,0.13308801115846217,0.13308801115846217,-0.00326164705771248,0.003702217137388608,-8.326799583166511e-05,-0.04948696636789407,0.05265115299890866,0.0009219063364266436
2025-07-06,97.53300615535947,2.295849851716767,0.03553707495849474,0.13560691796526825,0.13560691796526825,-0.029518122092554222,0.02670527914046117,0.00029393614529464596,-0.041660690368345854,0.04434779033178149,-0.0002371117815759341
2025-07-07,97.54077885498556,2.2903769763994752,0.034761579683342064,0.134082588931623,0.134082588931623,0.007772699626087842,-0.005472875317291681,-0.0007754952751526725,-0.018227435909295764,0.026166111006055814,-0.0011170279188336407
2025-07-08,97.48902398331045,2.3403623084926997,0.03477332246288314,0.1358403857339729,0.1358403857339729,-0.051754871675115055,0.04998533209322442,1.1742779541072668e-05,-0.11951419765119908,0.1186997777643306,0.0006554659135635452
2025-07-09,97.40244428822056,2.424224035290922,0.03572206933012376,0.13760960715838794,0.13760960715838794,-0.08657969508988117,0.08386172679822224,0.0009487468672406199,-0.12183330329676778,0.12063044853468163,-2.9916103349014733e-05
2025-07-10,97.3455850523277,2.4799385486349173,0.036782012466125565,0.1376943865712426,0.1376943865712426,-0.05685923589285835,0.05571451334399535,0.0010599431360018077,-0.17860492777315073,0.17541913615939686,0.0010421194250666566
2025-07-11,97.37575351576986,2.45093407467632,0.038345616389271565,0.13496679316455057,0.13496679316455057,0.03016846344215196,-0.029004473958597288,0.0015636039231460008,-0.19003240873988148,0.18549171923740282,0.0030192095802398095
2025-07-12,97.38717163904877,2.4405099521775644,0.03906501424278155,0.1332533945308776,0.1332533945308776,0.011418123278915004,-0.010424122498755573,0.0007193978535099815,-0.175352638403254,0.17136537960125864,0.003821875429581456
2025-07-13,97.39702413766729,2.4312101006771547,0.039963132511143924,0.1318026291444118,0.1318026291444118,0.009852498618514005,-0.009299851500409684,0.0008981182683623773,-0.13598201769218576,0.13536024896038779,0.004426057552649187
2025-07-14,97.38110253917955,2.4484284776601086,0.038616006499538655,0.13185297666079485,0.13185297666079485,-0.015921598487736333,0.01721837698295392,-0.0013471260116052694,-0.15967631580600994,0.1580515012606334,0.0038544268161965906
2025-07-15,97.2328929248817,2.592187506451263,0.039567588689308035,0.13535197997772702,0.13535197997772702,-0.14820961429785484,0.14375902879115454,0.0009515821897693802,-0.2561310584287497,0.2518251979585635,0.004794266226424898
2025-07-16,97.06355829063618,2.7560599869930917,0.03838260543953791,0.14199911693118902,0.14199911693118902,-0.16933463424551576,0.16387248054182857,-0.0011849832497701218,-0.3388859975843843,0.33183595170216984,0.0026605361094141564
2025-07-17,96.99299671145411,2.8269275035142813,0.03714078148195877,0.14293500354965377,0.14293500354965377,-0.07056157918206907,0.07086751652118961,-0.001241823957579144,-0.35258834087359503,0.3469889548793641,0.00035876901583320464
2025-07-18,96.90349158212734,2.914429433284276,0.03641404767110625,0.14566493691727322,0.14566493691727322,-0.08950512932676702,0.08750192976999482,-0.0007267338108525173,-0.472261933642514,0.4634953586079562,-0.0019315687181653135
2025-07-19,96.8652436089766,2.952833052569832,0.03649392834523734,0.1454294101083269,0.1454294101083269,-0.038247973150745906,0.03840361928555591,7.988067413108868e-05,-0.5219280300721749,0.5123231003922677,-0.0025710858975442064
2025-07-20,96.71275382969895,3.099628215476906,0.037935951777273005,0.14968200304686727,0.14968200304686727,-0.1524897792776443,0.14679516290707406,0.0014420234320356648,-0.6842703079683332,0.6684181147997514,-0.002027180733870919
2025-07-21,96.70334258492055,3.0988761593199725,0.036393528241093515,0.161387727518387,0.161387727518387,-0.009411244778405603,-0.0007520561569336337,-0.0015424235361794908,-0.6777599542590025,0.6504476816598639,-0.0022224782584451402
2025-07-22,96.77329895253976,3.0235920420686746,0.03721666180583448,0.1658923435857414,0.1658923435857414,0.06995636761921276,-0.07528411725129791,0.000823133564740966,-0.4595939723419349,0.43140453561741143,-0.0023509268834735544
2025-07-23,96.84963496867628,2.960175029452331,0.035609812262608564,0.15458018960876654,0.15458018960876654,0.07633601613652274,-0.0634170126163438,-0.0016068495432259161,-0.21392332195989638,0.20411504245923906,-0.0027727931769293487
2025-07-24,96.7844009430823,3.0318760320698526,0.03441393372865122,0.14930909111919663,0.14930909111919663,-0.0652340255939805,0.07170100261752177,-0.001195878533957341,-0.20859576837180782,0.20494852855557122,-0.002726847753307546
2025-07-25,96.74474372122769,3.0653357389507416,0.03631136713071298,0.15360917269085314,0.15360917269085314,-0.03965722185461118,0.03345970688088906,0.0018974334020617559,-0.15874786089965198,0.15090630566646546,-0.00010268054039327262
2025-07-26,96.74391280960063,3.068803455840451,0.035611911338049085,0.15167182322086994,0.15167182322086994,-0.0008309116270623917,0.0034677168897094823,-0.0006994557926638945,-0.12133079937596847,0.11597040327061903,-0.0008820170071882558
2025-07-27,96.67547291942968,3.136425492999901,0.03535039694090899,0.15275119062951006,0.15275119062951006,-0.06843989017094998,0.06762203715944981,-0.000261514397140096,-0.03728091026927416,0.036797277522994776,-0.0025855548363640166
2025-07-28,96.70850681615211,3.106024318772866,0.0357686273299738,0.14970023774505198,0.14970023774505198,0.03303389672242929,-0.03040117422703492,0.0004182303890648137,0.005164231231560734,0.007148159452893488,-0.0006249009111197121
2025-07-29,96.7047496634605,3.110909230716187,0.03563294392334593,0.14870816189995256,0.14870816189995256,-0.00375715269160537,0.004884911943320969,-0.00013568340662787476,-0.06854928907925739,0.08731718864751237,-0.0015837178824885528
2025-07-30,96.69443757807908,3.125080256979636,0.034663190741050905,0.1458189742002409,0.1458189742002409,-0.010312085381428915,0.014171026263448905,-0.0009697531822950231,-0.15519739059720905,0.16490522752730508,-0.0009466215215576598
2025-07-31,96.73267738358233,3.0891326042657554,0.03410459726303304,0.1440854148888858,0.1440854148888858,0.038239805503252455,-0.03594765271388045,-0.0005585934780178645,-0.05172355949997609,0.057256572195902855,-0.00030933646561818323
2025-08-01,96.8473998152086,2.9812823621972346,0.03211723366550233,0.1392005889286592,0.1392005889286592,0.11472243162627649,-0.10785024206852079,-0.0019873635975307113,0.10265609398091158,-0.08405337675350699,-0.0041941334652106504
2025-08-02,96.90978832257424,2.9218772710909855,0.03184656469237692,0.13648784164239477,0.13648784164239477,0.06238850736563961,-0.05940509110624914,-0.00027066897312540833,0.16587551297361358,-0.14692618474946562,-0.0037653466456721643
2025-08-03,96.86423773893019,2.9660118257126324,0.03240176954407709,0.13734866581310462,0.13734866581310462,-0.04555058364405795,0.04413455462164695,0.0005552048517001723,0.1887648195005056,-0.17041366728726848,-0.002948627396831896
2025-08-04,96.69983680029046,3.1252234568006485,0.032564071779939155,0.14237567112895577,0.14237567112895577,-0.16440093863973004,0.15921163108801606,0.0001623022358620621,-0.008670015861653724,0.019199138027782503,-0.0032045555500346476
2025-08-05,96.76620761172259,3.0620762477374655,0.032599365673461014,0.13911677486647003,0.13911677486647003,0.06637081143213663,-0.06314720906318305,3.529389352185941e-05,0.06145794826208828,-0.04883298297872152,-0.0030335782498849134
2025-08-06,96.72870170436745,3.0978619298956827,0.03201496789858114,0.1414213978382797,0.1414213978382797,-0.03750590735513981,0.0357856821582172,-0.0005843977748798759,0.03426412628837738,-0.02721832708395322,-0.0026482228424697662
2025-08-07,96.60376699497128,3.2182860560048674,0.03366609047272176,0.1442808585511254,0.1442808585511254,-0.12493470939617168,0.12042412610918474,0.0016511225741406219,-0.12891038861104676,0.12915345173911197,-0.0004385067903112799
2025-08-08,96.50366733610184,3.3162168573522175,0.033929398681013634,0.14618640786493303,0.14618640786493303,-0.10009965886943917,0.0979308013473501,0.0002633082082918736,-0.3437324791067624,0.33493449515498286,0.001812165015511305
2025-08-09,96.2909751987527,3.523990135559718,0.03610865748622787,0.14892600820135188,0.14892600820135188,-0.21269213734913706,0.20777327820750058,0.002179258805214239,-0.6188131238215391,0.6021128644687326,0.004262092793850952
2025-08-10,96.37902094031963,3.436664874551259,0.036560496661492504,0.14775368846761583,0.14775368846761583,0.08804574156692979,-0.08732526100845917,0.0004518391752646317,-0.48521679861055134,0.47065304883862646,0.004158727117415412
2025-08-11,96.39124823420443,3.4316318202219565,0.03506549796338882,0.14205444761022373,0.14205444761022373,0.01222729388479138,-0.0050330543293024554,-0.0014949986981036834,-0.3085885660860299,0.30640836342130795,0.0025014261834496662
2025-08-12,96.13787978726252,3.672722835438695,0.0359126266580423,0.15348475064074887,0.15348475064074887,-0.25336844694190575,0.24109101521673848,0.0008471286946534762,-0.6283278244600723,0.6106465877012295,0.003313260984581283
2025-08-13,96.10008043930041,3.7057194751826414,0.0371365388041586,0.15706354671278597,0.15706354671278597,-0.03779934796210682,0.03299663974394651,0.0012239121461163002,-0.6286212650670393,0.6078575452869588,0.005121570905577459
2025-08-14,96.11337141713776,3.693318473941007,0.036921538596314786,0.15638857032491507,0.15638857032491507,0.013290977837343121,-0.012401001241634457,-0.00021500020784381152,-0.4903955778335245,0.4750324179361396,0.0032554481235930258
2025-08-15,96.1715264581397,3.637193297347903,0.039122910557717834,0.15215733395469322,0.15215733395469322,0.05815504100193891,-0.0561251765931039,0.002201371961403048,-0.3321408779621464,0.3209764399956856,0.0051935118767042
2025-08-16,96.18329888737301,3.6234548765920636,0.03789509169239458,0.15535114434252562,0.15535114434252562,0.011772429233317894,-0.013738420755839531,-0.001227818865323256,-0.10767631137969147,0.09946474103234548,0.0017864342061667052
2025-08-17,96.14409973733889,3.661706647674206,0.03771093456874274,0.15648268041816074,0.15648268041816074,-0.039199150034122,0.038251771082142394,-0.00018415712365183606,-0.23492120298074326,0.22504177312294704,0.0011504379072502374
2025-08-18,96.24241142619209,3.570216026533691,0.0358135342196687,0.1515590130545538,0.1515590130545538,0.09831168885320096,-0.09149062114051487,-0.001897400349074041,-0.14883680801233368,0.13858420631173463,0.0007480362562798798
2025-08-19,96.33650425955929,3.4779685349296976,0.0351606056250478,0.15036659988596163,0.15036659988596163,0.09409283336719909,-0.09224749160399348,-0.0006529285946208982,0.19862447229677116,-0.19475430050899734,-0.0007520210329944946
2025-08-20,96.15872617475894,3.647350565649209,0.036075080130815784,0.157848179461028,0.157848179461028,-0.17777808480035162,0.16938203071951152,0.0009144745057679815,0.05864573545852636,-0.05836890953343232,-0.0010614586733428133
2025-08-21,96.19728902848759,3.6138129347231187,0.03463138693638275,0.15426664985291108,0.15426664985291108,0.038562853728649316,-0.03353763092609041,-0.001443693194433035,0.08391761134983255,-0.07950553921788828,-0.002290151659932037
2025-08-22,95.83658997097763,3.9616992442388055,0.037180154866871776,0.16453062991669334,0.16453062991669334,-0.36069905750996156,0.3478863095156868,0.0025487679304890265,-0.3349364871620679,0.3245059468909024,-0.0019427556908460583
2025-08-23,95.8264900829932,3.966878769963561,0.037247350586208976,0.16938379645702045,0.16938379645702045,-0.010099887984424072,0.0051795257247553295,6.719571933719998e-05,-0.3568088043798099,0.34342389337149726,-0.0006477411061856023
2025-08-24,95.7536919067721,4.0338024389916045,0.03877572878280425,0.17372992545347882,0.17372992545347882,-0.07279817622109874,0.0669236690280437,0.0015283781965952717,-0.39040783056678663,0.37209579131739856,0.0010647942140615055
2025-08-25,95.9875190677986,3.811620619828232,0.03762309186608456,0.16323722050708747,0.16323722050708747,0.2338271610264968,-0.22218181916337265,-0.0011526369167196848,-0.2548923583934908,0.24140459329454078,0.0018095576464158616
2025-08-26,95.84646561479853,3.9438655560213927,0.04172281488961512,0.16794601429045236,0.16794601429045236,-0.14105345300006888,0.1322449361931608,0.004099723023530559,-0.49003864476075876,0.46589702109169506,0.006562209264567319
2025-08-27,95.90153298984112,3.883063207213773,0.040432561990853065,0.17497124095425454,0.17497124095425454,0.05506737504258297,-0.06080234880761948,-0.0012902528987620565,-0.25719318491782417,0.23571264156456406,0.004357481860037281
2025-08-28,95.93629808419102,3.8420427121808696,0.03889391816372873,0.18276528546438278,0.18276528546438278,0.0347650943499076,-0.041020495032903614,-0.0015386438271243336,-0.2609909442965659,0.22822977745775086,0.004262531227345982
2025-08-29,95.92130358186084,3.8578389313933044,0.03927997313356606,0.1815775136122879,0.1815775136122879,-0.014994502330182513,0.015796219212434792,0.0003860549698373253,0.08471361088321316,-0.10386031284550112,0.002099818266694281
2025-08-30,95.92602723248118,3.8562870320028204,0.038842685910618256,0.17884304960538694,0.17884304960538694,0.004723650620334752,-0.0015518993904839462,-0.0004372872229478006,0.09953714948797199,-0.1105917379607404,0.0015953353244092805
2025-08-31,95.8934173556769,3.889382120358942,0.039243422642443876,0.1779571013217092,0.1779571013217092,-0.03260987680427263,0.033095088356121405,0.0004007367318256197,0.1397254489047981,-0.1444203186326627,0.0004676938596396285
2025-09-01,95.99788581320044,3.791100851834269,0.03781534109370735,0.17319799387158918,0.17319799387158918,0.10446845752353795,-0.09828126852467278,-0.0014280815487365262,0.010366745401839239,-0.020519767993962823,0.00019224922762278718
2025-09-02,96.04451810965418,3.735840625102692,0.0387109842426462,0.1809302810004916,0.1809302810004916,0.0466322964537369,-0.055260226731577156,0.0008956431489388489,0.19805249485564502,-0.20802493091870078,-0.003011830646968923
2025-09-03,95.95723577989197,3.822366349569801,0.039391319288539374,0.18100655124967682,0.18100655124967682,-0.0872823297622034,0.08652572446710893,0.0006803350458931753,0.05570279005085865,-0.06069685764397237,-0.001041242702313691
2025-09-04,96.05571520782827,3.7292766591422306,0.039281704772642353,0.17572642825685658,0.17572642825685658,0.09847942793629727,-0.0930896904275702,-0.00010961451589702048,0.11941712363724832,-0.11276605303863896,0.000387786608913622
2025-09-05,96.04397421741287,3.7384242053702574,0.040966848581522455,0.17663472863535848,0.17663472863535848,-0.01174099041540444,0.009147546228026826,0.0016851438088801018,0.1226706355520264,-0.11941472602304692,0.0016868754479563985
2025-09-06,96.06031106970596,3.7249822551512026,0.04019294641554062,0.17451372872729923,0.17451372872729923,0.016336852293093784,-0.01344195021905481,-0.0007739021659818324,0.13428383722478543,-0.1313047768516178,0.0013502605049223668
2025-09-07,96.06064256190969,3.7202781958907574,0.040668774634646944,0.17841046756490508,0.17841046756490508,0.00033149220372763466,-0.004704059260445259,0.00047582821910632095,0.1672252062327857,-0.16910392446818445,0.001425351992203068
2025-09-08,96.07946959735261,3.6933346832683607,0.043572507863772536,0.1836232115152569,0.1836232115152569,0.018827035442924966,-0.026943512622396693,0.002903733229125592,0.08158378415217271,-0.09776616856590836,0.005757166770065186
2025-09-09,96.05587568520183,3.7111694205668164,0.04584736599217519,0.18710752823918345,0.18710752823918345,-0.023593912150786878,0.01783473729845575,0.0022748581284026542,0.011357575547648935,-0.024671204535875457,0.007136381749528992
2025-09-10,96.09680881882132,3.6675681916497256,0.04673826142044582,0.1888847281085015,0.1888847281085015,0.04093313361948958,-0.04360122891709084,0.00089089542827063,0.13957303892934192,-0.15479815792007523,0.007346942131906446
2025-09-11,96.05245292077689,3.7098220120519714,0.04749859044215572,0.19022647672898968,0.19022647672898968,-0.04435589804442941,0.04225382040224579,0.0007603290217099018,-0.00326228705138476,-0.019454647090259236,0.008216885669513369
2025-09-12,95.86110600404275,3.893217585220633,0.04561486860958906,0.2000615421270316,0.2000615421270316,-0.1913469167341333,0.18339557316866184,-0.0018837218325666594,-0.1828682133701136,0.15479337985037578,0.004648020028066607
2025-09-13,95.8935897779623,3.8606860496619806,0.045092089790578896,0.200632082585135,0.200632082585135,0.032483773919551595,-0.032531535558652624,-0.0005227788190101668,-0.1667212917436558,0.13570379451077796,0.004899143375038273
2025-09-14,95.92402362372394,3.8313849257638615,0.044645774270435576,0.19994567624175888,0.19994567624175888,0.030433845761635325,-0.02930112389811912,-0.00044631552014332,-0.1366189381857481,0.1111067298731041,0.003976999635788632
2025-09-15,95.99602059313696,3.7641925286001716,0.04491124537301897,0.19487563288984674,0.19487563288984674,0.07199696941302136,-0.06719239716368985,0.0002654711025833964,-0.08344900421565171,0.07085784533181094,0.0013387375092464363
2025-09-16,96.05798276295711,3.702426524525853,0.04475914972474687,0.19483156279228991,0.19483156279228991,0.06196216982014846,-0.06176600407431865,-0.0001520956482721006,0.002107077755283626,-0.008742896040963455,-0.0010882162674283186
2025-09-17,95.96643646787444,3.7842698096947203,0.047538779484831276,0.20175494294601068,0.20175494294601068,-0.0915462950826651,0.0818432851688673,0.002779629760084404,-0.13037235094687105,0.11670161804499468,0.0008005180643854554
2025-09-18,95.98787344962498,3.7612009431072235,0.04799979947575719,0.2029258077920378,0.2029258077920378,0.021436981750539985,-0.02306886658749674,0.0004610199909259177,-0.06457947115190166,0.05137893105525215,0.0005012090336014713
2025-09-19,96.04362690904526,3.7117064327436853,0.046622810158582606,0.19804384805247105,0.19804384805247105,0.05575345942027354,-0.04949451036353825,-0.0013769893171745873,0.18252090500250517,-0.18151115247694793,0.0010079415489935434
2025-09-20,96.03642785204042,3.719784696195045,0.04495219118737421,0.19883526057716594,0.19883526057716594,-0.007199057004839915,0.008078263451359646,-0.0016706189712083971,0.14283807407811366,-0.14090135346693566,-0.000139898603204687
2025-09-21,96.05253313822031,3.708055854914055,0.04233840675940007,0.1970726001062339,0.1970726001062339,0.016105286179893596,-0.011728841280989943,-0.0026137844279741362,0.12850951449637193,-0.12332907084980649,-0.0023073675110355032
2025-09-22,96.18608685092887,3.5854872268038367,0.04031975047021391,0.18810617179707417,0.18810617179707417,0.13355371270856153,-0.12256862811021829,-0.0020186562891861617,0.1900662577919121,-0.17870530179633493,-0.004591494902805061
2025-09-23,96.20070038299501,3.5774332182829145,0.03832092930615739,0.1835454694159212,0.1835454694159212,0.014613532066135804,-0.008054008520922196,-0.001998821164056523,0.14271762003789945,-0.12499330624293847,-0.006438220418589484
2025-09-24,96.25373313587416,3.527677955058591,0.038737360001435114,0.17985154906581977,0.17985154906581977,0.05303275287914744,-0.04975526322432344,0.00041643069527772664,0.287296667999712,-0.2565918546361292,-0.008801419483396161
2025-09-25,96.37556298208314,3.418755580636507,0.0356591935299189,0.1700222437504373,0.1700222437504373,0.12182984620898196,-0.10892237442208419,-0.003078166471516215,0.38768953245815396,-0.34244536247071666,-0.012340605945838294
2025-09-26,96.24029803334025,3.540288449037119,0.03927787288952503,0.180135644733099,0.180135644733099,-0.1352649487428863,0.12153286840061206,0.0036186793596061292,0.19667112429499412,-0.17141798370656636,-0.007344937269057578
2025-09-27,96.2545384460236,3.526688822048453,0.04011234037584833,0.1786603915520982,0.1786603915520982,0.014240412683349746,-0.013599626988666014,0.0008344674863232995,0.21811059398318378,-0.19309587414659202,-0.004839850811525881
2025-09-28,96.22447462296203,3.554245638244602,0.04042305459668548,0.1808566841966814,0.1808566841966814,-0.03006382306156752,0.027556816196149025,0.0003107142208371508,0.17194148474172266,-0.15381021666945305,-0.001915352162714594
2025-09-29,96.23423739758168,3.547651342499414,0.03888955170101599,0.1792217082178878,0.1792217082178878,0.009762774619645143,-0.006594295745188106,-0.001533502895669489,0.04815054665280627,-0.03783588430442286,-0.0014301987691979212
2025-09-30,96.28559203301883,3.4999971376412344,0.03819090594179407,0.17621992339814746,0.17621992339814746,0.05135463543714991,-0.047654204858179394,-0.0006986457592219192,0.08489165002382038,-0.07743608064168006,-0.00013002336436331724
2025-10-01,96.25214360823584,3.5297738252624584,0.038251378814736246,0.17983118768696066,0.17983118768696066,-0.03344842478298915,0.029776687621223985,6.047287294217579e-05,-0.0015895276383162127,0.002095870203867367,-0.0004859811866988681
2025-10-02,96.19502548527949,3.5773238931038134,0.04044621845852246,0.18720440315817546,0.18720440315817546,-0.057118122956353545,0.04755006784135496,0.002194839643786216,-0.18053749680365172,0.15856831246730652,0.004787024928603563
2025-10-03,96.22444604545935,3.5532284962746754,0.03895160193739463,0.18337385632858327,0.18337385632858327,0.029420560179858057,-0.02409539682913797,-0.0014946165211278326,-0.01585198788090736,0.012940047237556485,-0.00032627095213039886
2025-10-05,96.26686381011416,3.513846099667716,0.038912105284770744,0.1803779849333604,0.1803779849333604,0.042417764654814505,-0.039382396606959524,-3.9496652623885464e-05,0.0123253640905574,-0.012842722380737026,-0.0012002350910775839
