Date,ETH,SOL,HYPE
2022-10-06,1351.70947265625,33.34281921386719,
2022-10-07,1332.5169677734375,33.00146484375,
2022-10-08,1315.50048828125,32.57793426513672,
2022-10-09,1322.604248046875,32.913883209228516,
2022-10-10,1291.337646484375,31.970834732055664,
2022-10-11,1279.57568359375,30.77686882019043,
2022-10-12,1294.9063720703125,31.165485382080078,
2022-10-13,1288.1239013671875,30.544519424438477,
2022-10-14,1297.422119140625,30.007417678833008,
2022-10-15,1274.8717041015625,29.575347900390625,
2022-10-16,1306.296630859375,30.168840408325195,
2022-10-17,1331.713623046875,31.224876403808594,
2022-10-18,1310.447021484375,30.164331436157227,
2022-10-19,1285.7442626953125,28.900798797607422,
2022-10-20,1283.200927734375,28.08509635925293,
2022-10-21,1299.9464111328125,28.10867691040039,
2022-10-22,1314.2991943359375,28.01386260986328,
2022-10-23,1363.447021484375,29.270071029663086,
2022-10-24,1344.99853515625,28.3100643157959,
2022-10-25,1461.6654052734375,30.93997573852539,
2022-10-26,1566.566650390625,31.28472137451172,
2022-10-27,1514.3748779296875,30.630624771118164,
2022-10-28,1555.4779052734375,32.111263275146484,
2022-10-29,1619.698486328125,32.85712814331055,
2022-10-30,1590.7833251953125,32.9659309387207,
2022-10-31,1572.7144775390625,32.61103820800781,
2022-11-01,1579.70458984375,32.2484245300293,
2022-11-02,1519.7117919921875,30.788076400756836,
2022-11-03,1531.541748046875,30.84387969970703,
2022-11-04,1645.0933837890625,33.780853271484375,
2022-11-05,1627.968017578125,36.76576232910156,
2022-11-06,1572.2347412109375,32.6835823059082,
2022-11-07,1568.59130859375,29.60134506225586,
2022-11-08,1332.8355712890625,24.152936935424805,
2022-11-09,1100.1697998046875,13.94085693359375,
2022-11-10,1299.464599609375,17.681407928466797,
2022-11-11,1287.2210693359375,16.326745986938477,
2022-11-12,1255.268310546875,14.53900146484375,
2022-11-13,1221.8192138671875,13.164528846740723,
2022-11-14,1241.604248046875,14.00135612487793,
2022-11-15,1251.7362060546875,14.301294326782227,
2022-11-16,1215.6025390625,14.285508155822754,
2022-11-17,1200.80859375,13.638734817504883,
2022-11-18,1212.30029296875,13.247496604919434,
2022-11-19,1218.4267578125,12.851014137268066,
2022-11-20,1142.4666748046875,12.252833366394043,
2022-11-21,1108.35302734375,11.846208572387695,
2022-11-22,1135.1734619140625,12.435625076293945,
2022-11-23,1183.1995849609375,14.35151195526123,
2022-11-24,1203.983154296875,14.582350730895996,
2022-11-25,1198.9259033203125,14.063138008117676,
2022-11-26,1205.89794921875,14.159193992614746,
2022-11-27,1195.126953125,14.115766525268555,
2022-11-28,1170.086181640625,13.404518127441406,
2022-11-29,1216.9012451171875,13.369733810424805,
2022-11-30,1295.6885986328125,14.115445137023926,
2022-12-01,1276.27392578125,13.480968475341797,
2022-12-02,1294.3033447265625,13.7156400680542,
2022-12-03,1243.3348388671875,13.302457809448242,
2022-12-04,1280.256591796875,13.718218803405762,
2022-12-05,1259.6767578125,13.8311128616333,
2022-12-06,1271.65380859375,14.288854598999023,
2022-12-07,1232.4375,13.5196533203125,
2022-12-08,1281.1163330078125,13.68922233581543,
2022-12-09,1264.2847900390625,13.580187797546387,
2022-12-10,1266.3841552734375,13.576995849609375,
2022-12-11,1263.8685302734375,13.427809715270996,
2022-12-12,1274.6190185546875,13.318544387817383,
2022-12-13,1320.5491943359375,13.833986282348633,
2022-12-14,1309.3287353515625,14.140525817871094,
2022-12-15,1266.3538818359375,14.02151107788086,
2022-12-16,1168.2593994140625,12.266606330871582,
2022-12-17,1188.1495361328125,12.504404067993164,
2022-12-18,1184.7152099609375,12.41312026977539,
2022-12-19,1167.60986328125,11.932655334472656,
2022-12-20,1217.70361328125,12.28051471710205,
2022-12-21,1213.5999755859375,12.128985404968262,
2022-12-22,1218.18212890625,11.794829368591309,
2022-12-23,1220.159423828125,11.786166191101074,
2022-12-24,1221.1485595703125,11.444275856018066,
2022-12-25,1218.9620361328125,11.387903213500977,
2022-12-26,1226.974365234375,11.306611061096191,
2022-12-27,1212.7916259765625,11.085430145263672,
2022-12-28,1189.986083984375,9.755906105041504,
2022-12-29,1201.5953369140625,9.651782989501953,
2022-12-30,1199.2327880859375,9.880176544189453,
2022-12-31,1196.771240234375,9.961038589477539,
2023-01-01,1200.96484375,9.982172966003418,
2023-01-02,1214.6566162109375,11.272967338562012,
2023-01-03,1214.77880859375,13.344045639038086,
2023-01-04,1256.526611328125,13.435112953186035,
2023-01-05,1250.4385986328125,13.419329643249512,
2023-01-06,1269.3790283203125,13.52584171295166,
2023-01-07,1264.2703857421875,13.092267990112305,
2023-01-08,1287.3594970703125,14.31993293762207,
2023-01-09,1321.5389404296875,16.30246353149414,
2023-01-10,1336.5860595703125,16.19672393798828,
2023-01-11,1387.9327392578125,16.35941505432129,
2023-01-12,1417.9384765625,16.619043350219727,
2023-01-13,1451.6148681640625,18.28844451904297,
2023-01-14,1550.7069091796875,24.24945831298828,
2023-01-15,1552.4794921875,22.873306274414062,
2023-01-16,1576.83349609375,23.577564239501953,
2023-01-17,1567.8460693359375,22.884063720703125,
2023-01-18,1515.5069580078125,20.85063362121582,
2023-01-19,1552.5565185546875,21.42676544189453,
2023-01-20,1659.754150390625,25.54827117919922,
2023-01-21,1627.1181640625,24.627838134765625,
2023-01-22,1628.382080078125,24.232789993286133,
2023-01-23,1628.2510986328125,24.357807159423828,
2023-01-24,1556.604248046875,22.795673370361328,
2023-01-25,1611.7110595703125,24.57144546508789,
2023-01-26,1603.10595703125,24.350696563720703,
2023-01-27,1598.156494140625,24.40785789489746,
2023-01-28,1572.43505859375,23.981801986694336,
2023-01-29,1646.1556396484375,26.132387161254883,
2023-01-30,1567.3265380859375,23.946321487426758,
2023-01-31,1586.535400390625,23.952547073364258,
2023-02-01,1641.792724609375,24.993358612060547,
2023-02-02,1643.2415771484375,24.265058517456055,
2023-02-03,1664.74560546875,24.680896759033203,
2023-02-04,1667.0592041015625,24.317745208740234,
2023-02-05,1631.6458740234375,23.493438720703125,
2023-02-06,1616.2470703125,22.706388473510742,
2023-02-07,1672.0035400390625,23.861356735229492,
2023-02-08,1650.716796875,23.192670822143555,
2023-02-09,1546.438232421875,20.45212745666504,
2023-02-10,1514.869140625,20.130109786987305,
2023-02-11,1539.9267578125,20.830095291137695,
2023-02-12,1515.03369140625,21.489978790283203,
2023-02-13,1507.1658935546875,20.79010009765625,
2023-02-14,1556.8751220703125,21.824953079223633,
2023-02-15,1673.7459716796875,23.883901596069336,
2023-02-16,1640.067626953125,22.285951614379883,
2023-02-17,1694.7833251953125,23.166757583618164,
2023-02-18,1691.8194580078125,23.478591918945312,
2023-02-19,1681.4361572265625,24.84075164794922,
2023-02-20,1702.6751708984375,26.181386947631836,
2023-02-21,1658.036376953125,24.948558807373047,
2023-02-22,1643.231689453125,24.18134880065918,
2023-02-23,1651.0738525390625,23.900800704956055,
2023-02-24,1608.3731689453125,23.053035736083984,
2023-02-25,1594.9149169921875,22.523399353027344,
2023-02-26,1640.817138671875,23.256088256835938,
2023-02-27,1634.326416015625,22.692588806152344,
2023-02-28,1605.8951416015625,21.9163875579834,
2023-03-01,1663.4337158203125,22.506431579589844,
2023-03-02,1647.3193359375,21.984878540039062,
2023-03-03,1569.1676025390625,21.39935302734375,
2023-03-04,1566.9239501953125,20.966838836669922,
2023-03-05,1564.46875,20.97858428955078,
2023-03-06,1567.398681640625,20.635011672973633,
2023-03-07,1561.93310546875,20.244731903076172,
2023-03-08,1534.0882568359375,18.421194076538086,
2023-03-09,1438.6607666015625,17.308147430419922,
2023-03-10,1429.1580810546875,18.243642807006836,
2023-03-11,1482.61669921875,18.22584342956543,
2023-03-12,1590.29296875,20.310531616210938,
2023-03-13,1680.3089599609375,20.433712005615234,
2023-03-14,1703.507080078125,20.92803382873535,
2023-03-15,1656.1805419921875,19.29098129272461,
2023-03-16,1677.2154541015625,19.73054313659668,
2023-03-17,1792.485107421875,21.62910270690918,
2023-03-18,1761.65966796875,21.19590187072754,
2023-03-19,1785.5765380859375,21.90340232849121,
2023-03-20,1735.3212890625,22.176464080810547,
2023-03-21,1806.7607421875,22.618267059326172,
2023-03-22,1737.717041015625,21.480485916137695,
2023-03-23,1816.4051513671875,22.216777801513672,
2023-03-24,1752.0447998046875,20.678855895996094,
2023-03-25,1743.7647705078125,20.446645736694336,
2023-03-26,1775.6767578125,20.97551918029785,
2023-03-27,1715.4608154296875,19.921674728393555,
2023-03-28,1772.78564453125,20.4706974029541,
2023-03-29,1793.0018310546875,21.111467361450195,
2023-03-30,1792.7371826171875,20.55104637145996,
2023-03-31,1822.0220947265625,21.170495986938477,
2023-04-01,1813.860595703125,20.97564125061035,
2023-04-02,1795.7081298828125,20.536975860595703,
2023-04-03,1810.297119140625,20.443050384521484,
2023-04-04,1871.005126953125,20.924619674682617,
2023-04-05,1909.114013671875,20.966007232666016,
2023-04-06,1872.922607421875,20.61012840270996,
2023-04-07,1865.6361083984375,20.469940185546875,
2023-04-08,1849.4981689453125,20.036449432373047,
2023-04-09,1859.3878173828125,20.29946517944336,
2023-04-10,1911.20751953125,20.882356643676758,
2023-04-11,1892.189697265625,23.018827438354492,
2023-04-12,1920.68212890625,23.985305786132812,
2023-04-13,2012.6346435546875,24.432308197021484,
2023-04-14,2101.635498046875,24.772722244262695,
2023-04-15,2092.466796875,24.079378128051758,
2023-04-16,2120.005859375,25.361927032470703,
2023-04-17,2076.242919921875,24.55884552001953,
2023-04-18,2104.537353515625,24.852689743041992,
2023-04-19,1936.4034423828125,22.71283531188965,
2023-04-20,1943.09765625,22.181440353393555,
2023-04-21,1849.9998779296875,21.278135299682617,
2023-04-22,1874.2286376953125,21.816287994384766,
2023-04-23,1862.06201171875,21.480138778686523,
2023-04-24,1842.7574462890625,21.391069412231445,
2023-04-25,1866.753662109375,21.92725372314453,
2023-04-26,1866.564208984375,21.28301239013672,
2023-04-27,1908.786376953125,22.34011459350586,
2023-04-28,1892.5128173828125,23.366287231445312,
2023-04-29,1908.9169921875,23.18299674987793,
2023-04-30,1876.92431640625,22.832014083862305,
2023-05-01,1831.954833984375,21.98663330078125,
2023-05-02,1870.789306640625,22.264978408813477,
2023-05-03,1904.65185546875,22.218002319335938,
2023-05-04,1877.7041015625,21.730348587036133,
2023-05-05,1995.0609130859375,22.82611083984375,
2023-05-06,1900.2218017578125,21.974262237548828,
2023-05-07,1873.076416015625,21.844228744506836,
2023-05-08,1849.042724609375,20.65746307373047,
2023-05-09,1848.6031494140625,20.683645248413086,
2023-05-10,1842.4014892578125,20.953710556030273,
2023-05-11,1796.4906005859375,20.234880447387695,
2023-05-12,1808.019775390625,20.911794662475586,
2023-05-13,1796.1148681640625,20.86876106262207,
2023-05-14,1800.5009765625,20.953397750854492,
2023-05-15,1817.5499267578125,21.00718879699707,
2023-05-16,1824.1214599609375,20.679420471191406,
2023-05-17,1821.859619140625,21.06839942932129,
2023-05-18,1801.728515625,20.348695755004883,
2023-05-19,1812.5894775390625,20.349870681762695,
2023-05-20,1820.47802734375,20.285446166992188,
2023-05-21,1804.5313720703125,19.609437942504883,
2023-05-22,1817.5347900390625,19.54204559326172,
2023-05-23,1854.380615234375,20.043182373046875,
2023-05-24,1800.0999755859375,19.223663330078125,
2023-05-25,1805.9537353515625,19.260662078857422,
2023-05-26,1828.689697265625,19.36695671081543,
2023-05-27,1831.1182861328125,20.425233840942383,
2023-05-28,1910.9141845703125,20.7985782623291,
2023-05-29,1893.078125,20.586509704589844,
2023-05-30,1901.026611328125,21.25408363342285,
2023-05-31,1874.1304931640625,20.82450294494629,
2023-06-01,1862.201416015625,20.50221824645996,
2023-06-02,1907.256591796875,21.25759506225586,
2023-06-03,1892.4124755859375,21.15556526184082,
2023-06-04,1890.5135498046875,21.8189754486084,
2023-06-05,1811.828369140625,20.07505989074707,
2023-06-06,1884.494873046875,20.398483276367188,
2023-06-07,1832.39599609375,18.6342830657959,
2023-06-08,1846.3018798828125,18.909475326538086,
2023-06-09,1840.2252197265625,17.37969970703125,
2023-06-10,1752.384765625,15.65610122680664,
2023-06-11,1753.415283203125,15.558775901794434,
2023-06-12,1742.5286865234375,15.196707725524902,
2023-06-13,1739.03759765625,15.018193244934082,
2023-06-14,1650.519287109375,14.486572265625,
2023-06-15,1665.519775390625,14.759472846984863,
2023-06-16,1716.6688232421875,15.30825424194336,
2023-06-17,1727.2041015625,15.650521278381348,
2023-06-18,1720.5775146484375,15.43823528289795,
2023-06-19,1737.659423828125,16.073041915893555,
2023-06-20,1792.1199951171875,16.635231018066406,
2023-06-21,1891.0072021484375,17.25704574584961,
2023-06-22,1872.9429931640625,16.642620086669922,
2023-06-23,1892.862060546875,17.149534225463867,
2023-06-24,1876.0596923828125,16.652862548828125,
2023-06-25,1900.506103515625,16.97138023376465,
2023-06-26,1859.432861328125,16.27002716064453,
2023-06-27,1889.703369140625,16.61964988708496,
2023-06-28,1827.97119140625,15.98684310913086,
2023-06-29,1852.227294921875,17.970457077026367,
2023-06-30,1933.18896484375,18.897321701049805,
2023-07-01,1924.56591796875,18.683902740478516,
2023-07-02,1937.4383544921875,19.453594207763672,
2023-07-03,1955.38916015625,19.240537643432617,
2023-07-04,1936.633544921875,19.14322853088379,
2023-07-05,1910.5880126953125,18.99286460876465,
2023-07-06,1848.636474609375,19.729385375976562,
2023-07-07,1870.6025390625,21.484664916992188,
2023-07-08,1865.53955078125,21.859268188476562,
2023-07-09,1863.009765625,21.3490047454834,
2023-07-10,1880.556396484375,21.31377601623535,
2023-07-11,1878.3360595703125,22.092933654785156,
2023-07-12,1872.11376953125,21.977602005004883,
2023-07-13,2006.511474609375,26.02569580078125,
2023-07-14,1939.3470458984375,26.7357177734375,
2023-07-15,1931.466552734375,27.391355514526367,
2023-07-16,1923.681884765625,27.384082794189453,
2023-07-17,1911.6461181640625,26.872766494750977,
2023-07-18,1897.5992431640625,25.544504165649414,
2023-07-19,1889.0079345703125,26.372352600097656,
2023-07-20,1890.9691162109375,25.375167846679688,
2023-07-21,1892.080078125,25.544267654418945,
2023-07-22,1864.912353515625,24.535053253173828,
2023-07-23,1889.191650390625,24.766815185546875,
2023-07-24,1850.0020751953125,23.38149070739746,
2023-07-25,1857.741943359375,23.279321670532227,
2023-07-26,1872.159912109375,25.177053451538086,
2023-07-27,1860.357177734375,25.099336624145508,
2023-07-28,1874.744873046875,24.84685707092285,
2023-07-29,1881.06884765625,25.168973922729492,
2023-07-30,1861.643798828125,24.261018753051758,
2023-07-31,1856.162353515625,23.720956802368164,
2023-08-01,1871.7921142578125,23.99875259399414,
2023-08-02,1839.0897216796875,23.145721435546875,
2023-08-03,1835.136474609375,22.636049270629883,
2023-08-04,1827.712890625,22.79361915588379,
2023-08-05,1834.9879150390625,22.632204055786133,
2023-08-06,1827.4620361328125,23.18569564819336,
2023-08-07,1826.9388427734375,23.068756103515625,
2023-08-08,1855.807373046875,24.211763381958008,
2023-08-09,1854.297607421875,24.37852668762207,
2023-08-10,1850.75341796875,24.613052368164062,
2023-08-11,1847.1243896484375,24.582860946655273,
2023-08-12,1848.889892578125,24.90673065185547,
2023-08-13,1839.2801513671875,24.24288558959961,
2023-08-14,1844.185791015625,25.142822265625,
2023-08-15,1826.9327392578125,23.89658546447754,
2023-08-16,1805.6590576171875,22.811975479125977,
2023-08-17,1684.9334716796875,21.70997428894043,
2023-08-18,1660.945068359375,21.335493087768555,
2023-08-19,1669.471923828125,21.879037857055664,
2023-08-20,1684.85205078125,21.77327537536621,
2023-08-21,1667.26904296875,21.20825958251953,
2023-08-22,1633.892578125,20.546541213989258,
2023-08-23,1679.2744140625,21.703624725341797,
2023-08-24,1659.944580078125,21.033031463623047,
2023-08-25,1652.93505859375,20.392719268798828,
2023-08-26,1646.3067626953125,20.280424118041992,
2023-08-27,1657.5130615234375,20.78683853149414,
2023-08-28,1652.4573974609375,20.557100296020508,
2023-08-29,1729.7257080078125,21.780763626098633,
2023-08-30,1705.1121826171875,20.834903717041016,
2023-08-31,1645.63916015625,19.735092163085938,
2023-09-01,1628.4912109375,19.327844619750977,
2023-09-02,1637.025390625,19.493743896484375,
2023-09-03,1636.11767578125,19.578746795654297,
2023-09-04,1629.6552734375,19.499408721923828,
2023-09-05,1633.62939453125,20.272384643554688,
2023-09-06,1632.2523193359375,19.62002944946289,
2023-09-07,1647.5982666015625,19.890499114990234,
2023-09-08,1636.1378173828125,19.599044799804688,
2023-09-09,1635.162353515625,19.44607162475586,
2023-09-10,1616.828857421875,18.248830795288086,
2023-09-11,1551.6376953125,17.739166259765625,
2023-09-12,1592.429443359375,17.929826736450195,
2023-09-13,1607.988525390625,18.402999877929688,
2023-09-14,1626.974365234375,18.838306427001953,
2023-09-15,1641.640380859375,19.16884422302246,
2023-09-16,1635.2216796875,19.140369415283203,
2023-09-17,1622.896728515625,18.831628799438477,
2023-09-18,1637.3470458984375,19.657245635986328,
2023-09-19,1643.544677734375,20.03618812561035,
2023-09-20,1622.890625,20.3049373626709,
2023-09-21,1584.3070068359375,19.47907066345215,
2023-09-22,1593.268310546875,19.43814468383789,
2023-09-23,1593.8577880859375,19.47390365600586,
2023-09-24,1580.8533935546875,19.374290466308594,
2023-09-25,1588.3228759765625,19.40414047241211,
2023-09-26,1593.417236328125,19.023286819458008,
2023-09-27,1597.4912109375,19.130022048950195,
2023-09-28,1652.8826904296875,19.957616806030273,
2023-09-29,1667.94384765625,20.300655364990234,
2023-09-30,1671.161865234375,21.3951473236084,
2023-10-01,1733.8104248046875,23.83648681640625,
2023-10-02,1663.6275634765625,23.371700286865234,
2023-10-03,1656.6856689453125,23.55269432067871,
2023-10-04,1647.838134765625,23.144786834716797,
2023-10-05,1611.4764404296875,22.694141387939453,
2023-10-06,1645.83154296875,23.424453735351562,
2023-10-07,1634.51123046875,23.287302017211914,
2023-10-08,1633.548583984375,23.24642562866211,
2023-10-09,1579.806640625,22.118396759033203,
2023-10-10,1567.7130126953125,22.10511589050293,
2023-10-11,1566.2547607421875,22.00741958618164,
2023-10-12,1539.6124267578125,21.300268173217773,
2023-10-13,1552.0894775390625,21.834917068481445,
2023-10-14,1555.2568359375,22.01171875,
2023-10-15,1558.06982421875,21.922027587890625,
2023-10-16,1600.5343017578125,23.98295783996582,
2023-10-17,1565.4395751953125,23.959318161010742,
2023-10-18,1563.7498779296875,23.432138442993164,
2023-10-19,1567.45703125,24.93791961669922,
2023-10-20,1604.6668701171875,27.033674240112305,
2023-10-21,1629.304443359375,29.386228561401367,
2023-10-22,1663.429931640625,29.03668212890625,
2023-10-23,1765.3826904296875,31.850984573364258,
2023-10-24,1784.4375,30.15153694152832,
2023-10-25,1787.3975830078125,32.46306610107422,
2023-10-26,1804.039306640625,32.77549362182617,
2023-10-27,1780.0452880859375,31.73969841003418,
2023-10-28,1776.6181640625,31.653318405151367,
2023-10-29,1795.5460205078125,32.822608947753906,
2023-10-30,1810.088623046875,34.962337493896484,
2023-10-31,1816.458984375,38.51951599121094,
2023-11-01,1847.0897216796875,41.461544036865234,
2023-11-02,1800.6209716796875,40.20756912231445,
2023-11-03,1832.795166015625,39.51976013183594,
2023-11-04,1857.6986083984375,42.346595764160156,
2023-11-05,1894.15771484375,41.23860168457031,
2023-11-06,1899.83740234375,42.12858963012695,
2023-11-07,1888.124267578125,43.09254455566406,
2023-11-08,1889.3223876953125,43.18988800048828,
2023-11-09,2120.56103515625,45.444828033447266,
2023-11-10,2078.289794921875,56.64385223388672,
2023-11-11,2052.7138671875,56.1026611328125,
2023-11-12,2045.18701171875,56.15409851074219,
2023-11-13,2055.265380859375,51.90705108642578,
2023-11-14,1979.0526123046875,56.838375091552734,
2023-11-15,2060.408447265625,65.5344009399414,
2023-11-16,1960.881591796875,57.871402740478516,
2023-11-17,1961.28076171875,58.41593551635742,
2023-11-18,1963.2850341796875,58.512725830078125,
2023-11-19,2013.2044677734375,61.393558502197266,
2023-11-20,2022.2391357421875,56.53383255004883,
2023-11-21,1937.0667724609375,52.00047302246094,
2023-11-22,2064.42529296875,57.588558197021484,
2023-11-23,2062.210693359375,56.599369049072266,
2023-11-24,2081.152099609375,56.86643981933594,
2023-11-25,2084.4130859375,58.84648895263672,
2023-11-26,2063.2861328125,57.6427001953125,
2023-11-27,2027.4173583984375,55.06462097167969,
2023-11-28,2049.338134765625,58.19437026977539,
2023-11-29,2029.92919921875,59.25012969970703,
2023-11-30,2052.55615234375,59.24162292480469,
2023-12-01,2087.139892578125,59.80399703979492,
2023-12-02,2165.7041015625,63.83285903930664,
2023-12-03,2193.691650390625,63.03996658325195,
2023-12-04,2243.2158203125,61.526615142822266,
2023-12-05,2293.841796875,60.99483108520508,
2023-12-06,2231.661376953125,61.902957916259766,
2023-12-07,2357.57958984375,67.83782958984375,
2023-12-08,2358.73193359375,75.00243377685547,
2023-12-09,2341.17529296875,72.25760650634766,
2023-12-10,2352.462646484375,74.70588684082031,
2023-12-11,2224.578857421875,70.36717224121094,
2023-12-12,2202.0380859375,68.54067993164062,
2023-12-13,2260.648681640625,70.76778411865234,
2023-12-14,2316.5791015625,75.62033081054688,
2023-12-15,2219.33740234375,72.36898803710938,
2023-12-16,2226.926513671875,73.47350311279297,
2023-12-17,2196.481201171875,71.00051879882812,
2023-12-18,2217.2734375,74.34716033935547,
2023-12-19,2177.87255859375,72.9897689819336,
2023-12-20,2201.911376953125,82.19123077392578,
2023-12-21,2239.54248046875,93.85481262207031,
2023-12-22,2326.52490234375,98.00369262695312,
2023-12-23,2309.04638671875,107.59423065185547,
2023-12-24,2265.692138671875,112.48521423339844,
2023-12-25,2272.561767578125,121.1464614868164,
2023-12-26,2231.46533203125,112.6767349243164,
2023-12-27,2378.739990234375,107.02379608154297,
2023-12-28,2347.566162109375,102.10456848144531,
2023-12-29,2300.690673828125,106.31151580810547,
2023-12-30,2292.0654296875,101.84508514404297,
2023-12-31,2281.47119140625,101.50582122802734,
2024-01-01,2352.327880859375,109.50868225097656,
2024-01-02,2355.83642578125,106.61122131347656,
2024-01-03,2210.761962890625,98.59443664550781,
2024-01-04,2269.0380859375,105.0775375366211,
2024-01-05,2268.647216796875,99.97879028320312,
2024-01-06,2241.624755859375,93.85771942138672,
2024-01-07,2222.865966796875,89.2763442993164,
2024-01-08,2333.03271484375,97.79044342041016,
2024-01-09,2344.8271484375,99.40918731689453,
2024-01-10,2582.103515625,102.03302001953125,
2024-01-11,2619.619140625,99.90943908691406,
2024-01-12,2524.460205078125,91.72090911865234,
2024-01-13,2576.597900390625,95.73004913330078,
2024-01-14,2472.2412109375,94.13314056396484,
2024-01-15,2511.36376953125,94.49022674560547,
2024-01-16,2587.691162109375,97.62691497802734,
2024-01-17,2528.369384765625,102.0635986328125,
2024-01-18,2467.018798828125,94.2509536743164,
2024-01-19,2489.49853515625,93.38616943359375,
2024-01-20,2469.589111328125,92.56983947753906,
2024-01-21,2453.9130859375,90.84843444824219,
2024-01-22,2310.826416015625,83.62281036376953,
2024-01-23,2240.68603515625,84.27450561523438,
2024-01-24,2233.561767578125,88.73200988769531,
2024-01-25,2217.710205078125,86.88921356201172,
2024-01-26,2267.19970703125,92.44236755371094,
2024-01-27,2267.885986328125,94.16321563720703,
2024-01-28,2257.208740234375,95.93798065185547,
2024-01-29,2317.064208984375,101.56666564941406,
2024-01-30,2344.49365234375,101.47297668457031,
2024-01-31,2282.54443359375,97.0287094116211,
2024-02-01,2303.82470703125,97.84669494628906,
2024-02-02,2308.0380859375,100.44052124023438,
2024-02-03,2296.038330078125,97.8799819946289,
2024-02-04,2289.546142578125,95.47695922851562,
2024-02-05,2298.888916015625,95.54866027832031,
2024-02-06,2372.201904296875,96.86107635498047,
2024-02-07,2423.7451171875,100.97927856445312,
2024-02-08,2419.906494140625,102.78563690185547,
2024-02-09,2487.515625,106.93333435058594,
2024-02-10,2501.228271484375,109.1314697265625,
2024-02-11,2507.570556640625,107.49528503417969,
2024-02-12,2658.115966796875,111.99275207519531,
2024-02-13,2642.185302734375,112.57930755615234,
2024-02-14,2777.90234375,116.97632598876953,
2024-02-15,2824.37890625,113.69940948486328,
2024-02-16,2803.69140625,110.44591522216797,
2024-02-17,2786.672607421875,108.98401641845703,
2024-02-18,2878.998046875,112.17467498779297,
2024-02-19,2943.57470703125,111.4853286743164,
2024-02-20,3013.503662109375,108.45964050292969,
2024-02-21,2970.35546875,105.1252212524414,
2024-02-22,2971.00732421875,101.66979217529297,
2024-02-23,2921.658203125,99.95469665527344,
2024-02-24,2992.385986328125,104.1335220336914,
2024-02-25,3112.697265625,103.4534912109375,
2024-02-26,3178.99365234375,109.91853332519531,
2024-02-27,3244.519287109375,108.3880844116211,
2024-02-28,3385.703857421875,118.05220031738281,
2024-02-29,3341.919677734375,125.71151733398438,
2024-03-01,3435.053955078125,129.9904022216797,
2024-03-02,3422.0498046875,129.70018005371094,
2024-03-03,3490.99365234375,130.45086669921875,
2024-03-04,3630.433837890625,133.194580078125,
2024-03-05,3554.964599609375,125.70671081542969,
2024-03-06,3819.226318359375,130.7420196533203,
2024-03-07,3874.34765625,143.9778594970703,
2024-03-08,3892.06103515625,145.2400360107422,
2024-03-09,3915.4189453125,144.6072540283203,
2024-03-10,3881.193115234375,144.5151824951172,
2024-03-11,4066.445068359375,148.75096130371094,
2024-03-12,3980.273193359375,151.01544189453125,
2024-03-13,4006.45703125,163.83981323242188,
2024-03-14,3883.140380859375,176.67974853515625,
2024-03-15,3735.22021484375,182.96469116210938,
2024-03-16,3522.860107421875,181.88034057617188,
2024-03-17,3642.4130859375,202.12356567382812,
2024-03-18,3517.985107421875,195.9927520751953,
2024-03-19,3157.6181640625,170.0162811279297,
2024-03-20,3513.39306640625,191.54962158203125,
2024-03-21,3492.9912109375,179.2207489013672,
2024-03-22,3333.68798828125,174.36370849609375,
2024-03-23,3336.593994140625,172.90225219726562,
2024-03-24,3454.636474609375,183.57345581054688,
2024-03-25,3590.8837890625,189.0835418701172,
2024-03-26,3587.5048828125,190.69985961914062,
2024-03-27,3500.115234375,186.36146545410156,
2024-03-28,3561.2939453125,189.6216278076172,
2024-03-29,3511.80615234375,192.2279510498047,
2024-03-30,3507.9443359375,194.3855438232422,
2024-03-31,3647.8564453125,202.87413024902344,
2024-04-01,3505.030029296875,192.5678253173828,
2024-04-02,3277.234619140625,181.17225646972656,
2024-04-03,3311.44189453125,185.2486114501953,
2024-04-04,3330.04052734375,183.95811462402344,
2024-04-05,3318.88525390625,174.5015106201172,
2024-04-06,3354.183837890625,178.91534423828125,
2024-04-07,3453.49462890625,179.6498565673828,
2024-04-08,3695.292724609375,180.78477478027344,
2024-04-09,3505.163330078125,172.4136199951172,
2024-04-10,3543.737060546875,173.43736267089844,
2024-04-11,3505.247802734375,172.5763702392578,
2024-04-12,3243.034912109375,153.63546752929688,
2024-04-13,3004.900390625,139.34169006347656,
2024-04-14,3156.94189453125,151.28494262695312,
2024-04-15,3101.600341796875,138.5086212158203,
2024-04-16,3084.920166015625,136.27932739257812,
2024-04-17,2984.7275390625,131.86618041992188,
2024-04-18,3066.027587890625,142.0823974609375,
2024-04-19,3059.278564453125,142.6804962158203,
2024-04-20,3157.627197265625,151.13356018066406,
2024-04-21,3147.28857421875,148.60931396484375,
2024-04-22,3201.652099609375,157.03121948242188,
2024-04-23,3219.91162109375,154.70130920410156,
2024-04-24,3139.80517578125,147.74514770507812,
2024-04-25,3156.509521484375,144.89212036132812,
2024-04-26,3130.164794921875,139.10433959960938,
2024-04-27,3252.168212890625,141.28916931152344,
2024-04-28,3262.774658203125,137.85641479492188,
2024-04-29,3215.428955078125,137.7766571044922,
2024-04-30,3012.286865234375,126.96270751953125,
2024-05-01,2969.78466796875,134.6279754638672,
2024-05-02,2988.16845703125,137.81448364257812,
2024-05-03,3103.5419921875,143.77255249023438,
2024-05-04,3117.576416015625,146.1350555419922,
2024-05-05,3137.2490234375,145.71302795410156,
2024-05-06,3062.728759765625,152.80239868164062,
2024-05-07,3006.5771484375,148.1343231201172,
2024-05-08,2973.6572265625,142.29473876953125,
2024-05-09,3036.0205078125,152.84994506835938,
2024-05-10,2909.791259765625,146.21690368652344,
2024-05-11,2911.60205078125,145.3143768310547,
2024-05-12,2928.701904296875,143.52081298828125,
2024-05-13,2949.359619140625,147.28233337402344,
2024-05-14,2881.157958984375,142.0303955078125,
2024-05-15,3037.056640625,158.18682861328125,
2024-05-16,2945.131103515625,159.116455078125,
2024-05-17,3094.11865234375,169.53054809570312,
2024-05-18,3122.948974609375,172.5391387939453,
2024-05-19,3071.843017578125,170.0913543701172,
2024-05-20,3663.85546875,186.52049255371094,
2024-05-21,3789.312744140625,178.11614990234375,
2024-05-22,3737.2177734375,176.86077880859375,
2024-05-23,3776.92724609375,175.98577880859375,
2024-05-24,3726.9345703125,167.7969207763672,
2024-05-25,3749.236572265625,168.43763732910156,
2024-05-26,3825.8974609375,163.3509063720703,
2024-05-27,3892.0068359375,169.9961395263672,
2024-05-28,3840.25634765625,168.65084838867188,
2024-05-29,3763.196533203125,168.0726776123047,
2024-05-30,3746.849609375,166.97653198242188,
2024-05-31,3760.026611328125,165.63771057128906,
2024-06-01,3813.198974609375,166.03067016601562,
2024-06-02,3780.89599609375,163.24990844726562,
2024-06-03,3766.38916015625,164.9234619140625,
2024-06-04,3812.515869140625,171.8019256591797,
2024-06-05,3864.260986328125,173.48291015625,
2024-06-06,3811.60595703125,170.01622009277344,
2024-06-07,3678.629150390625,162.50704956054688,
2024-06-08,3680.949951171875,157.96890258789062,
2024-06-09,3705.90380859375,162.08360290527344,
2024-06-10,3666.717529296875,158.9280242919922,
2024-06-11,3498.33056640625,149.42898559570312,
2024-06-12,3559.61767578125,155.1775665283203,
2024-06-13,3469.28125,147.31442260742188,
2024-06-14,3480.27197265625,143.0944366455078,
2024-06-15,3565.549560546875,145.41221618652344,
2024-06-16,3620.5634765625,151.12550354003906,
2024-06-17,3511.37890625,143.3342742919922,
2024-06-18,3483.681396484375,137.50399780273438,
2024-06-19,3559.347412109375,135.60960388183594,
2024-06-20,3511.0869140625,133.47296142578125,
2024-06-21,3516.07568359375,134.5883026123047,
2024-06-22,3494.8134765625,133.6702423095703,
2024-06-23,3418.61181640625,128.59042358398438,
2024-06-24,3350.25634765625,132.24139404296875,
2024-06-25,3395.029052734375,136.5592041015625,
2024-06-26,3369.477294921875,136.60914611816406,
2024-06-27,3444.800537109375,149.44837951660156,
2024-06-28,3373.635986328125,139.70339965820312,
2024-06-29,3372.9677734375,140.01014709472656,
2024-06-30,3432.88916015625,146.49249267578125,
2024-07-01,3440.341552734375,146.59506225585938,
2024-07-02,3416.354736328125,153.7004852294922,
2024-07-03,3292.916748046875,140.73141479492188,
2024-07-04,3054.52197265625,127.55081939697266,
2024-07-05,2981.5986328125,134.3693389892578,
2024-07-06,3069.3779296875,143.24118041992188,
2024-07-07,2929.38720703125,131.7740936279297,
2024-07-08,3018.73193359375,139.4636993408203,
2024-07-09,3064.032958984375,141.34844970703125,
2024-07-10,3102.21875,141.97479248046875,
2024-07-11,3100.330810546875,135.8832244873047,
2024-07-12,3134.15869140625,139.52801513671875,
2024-07-13,3177.19873046875,141.9249725341797,
2024-07-14,3244.0791015625,147.622314453125,
2024-07-15,3489.552734375,159.93397521972656,
2024-07-16,3443.513427734375,160.5518798828125,
2024-07-17,3388.75244140625,155.5841064453125,
2024-07-18,3426.258544921875,159.07241821289062,
2024-07-19,3505.73486328125,169.1858673095703,
2024-07-20,3519.29541015625,173.89178466796875,
2024-07-21,3536.60546875,184.54161071777344,
2024-07-22,3440.419921875,178.97828674316406,
2024-07-23,3481.995849609375,172.757568359375,
2024-07-24,3336.33935546875,178.0323028564453,
2024-07-25,3174.42724609375,171.96307373046875,
2024-07-26,3275.951416015625,183.13671875,
2024-07-27,3247.60791015625,184.0854034423828,
2024-07-28,3271.464599609375,184.88607788085938,
2024-07-29,3320.539306640625,182.7805938720703,
2024-07-30,3278.667724609375,179.10719299316406,
2024-07-31,3231.295654296875,171.82615661621094,
2024-08-01,3201.564453125,167.672119140625,
2024-08-02,2986.01318359375,152.6382293701172,
2024-08-03,2903.3857421875,142.9219970703125,
2024-08-04,2686.39892578125,138.05508422851562,
2024-08-05,2417.206298828125,129.8643035888672,
2024-08-06,2458.723876953125,144.09036254882812,
2024-08-07,2336.58935546875,144.63209533691406,
2024-08-08,2683.352783203125,162.9307403564453,
2024-08-09,2599.5986328125,156.45721435546875,
2024-08-10,2610.02294921875,153.95916748046875,
2024-08-11,2553.252197265625,141.52685546875,
2024-08-12,2724.431884765625,146.45423889160156,
2024-08-13,2703.671875,146.7126922607422,
2024-08-14,2662.914794921875,143.9234619140625,
2024-08-15,2570.087646484375,142.74581909179688,
2024-08-16,2593.1865234375,139.33056640625,
2024-08-17,2614.546875,141.7985076904297,
2024-08-18,2613.357177734375,142.58688354492188,
2024-08-19,2637.306396484375,144.34368896484375,
2024-08-20,2573.10693359375,143.16773986816406,
2024-08-21,2631.3955078125,142.70960998535156,
2024-08-22,2622.951416015625,143.2579345703125,
2024-08-23,2764.447021484375,153.10708618164062,
2024-08-24,2769.3896484375,160.73175048828125,
2024-08-25,2749.15771484375,158.90911865234375,
2024-08-26,2681.340576171875,157.23687744140625,
2024-08-27,2458.7265625,146.8970947265625,
2024-08-28,2528.41552734375,143.89138793945312,
2024-08-29,2528.792724609375,140.0540313720703,
2024-08-30,2525.822021484375,138.09999084472656,
2024-08-31,2513.393798828125,135.37425231933594,
2024-09-01,2427.90234375,128.6905517578125,
2024-09-02,2538.187255859375,135.0023651123047,
2024-09-03,2420.603759765625,127.57758331298828,
2024-09-04,2448.97705078125,133.60391235351562,
2024-09-05,2367.737548828125,129.32894897460938,
2024-09-06,2223.87646484375,124.99007415771484,
2024-09-07,2274.107177734375,127.72156524658203,
2024-09-08,2297.29296875,129.98951721191406,
2024-09-09,2358.482177734375,135.02561950683594,
2024-09-10,2389.5810546875,135.63522338867188,
2024-09-11,2339.841552734375,132.4973907470703,
2024-09-12,2361.78173828125,136.14190673828125,
2024-09-13,2441.607177734375,139.1005401611328,
2024-09-14,2418.595703125,137.17977905273438,
2024-09-15,2320.897216796875,131.4993896484375,
2024-09-16,2295.28369140625,131.47259521484375,
2024-09-17,2341.707763671875,131.53707885742188,
2024-09-18,2369.72900390625,133.99185180664062,
2024-09-19,2464.752197265625,142.83627319335938,
2024-09-20,2561.072021484375,146.56680297851562,
2024-09-21,2615.857177734375,149.52703857421875,
2024-09-22,2582.862548828125,144.80364990234375,
2024-09-23,2648.54638671875,144.8149871826172,
2024-09-24,2654.35498046875,152.89215087890625,
2024-09-25,2579.388671875,148.02342224121094,
2024-09-26,2632.199951171875,155.5760955810547,
2024-09-27,2695.900634765625,157.74993896484375,
2024-09-28,2677.5390625,156.9124298095703,
2024-09-29,2659.346923828125,158.62916564941406,
2024-09-30,2603.062744140625,152.61846923828125,
2024-10-01,2448.921142578125,145.28988647460938,
2024-10-02,2365.231689453125,140.38555908203125,
2024-10-03,2349.791259765625,136.78518676757812,
2024-10-04,2414.7939453125,143.17227172851562,
2024-10-05,2415.6318359375,142.7117462158203,
2024-10-06,2439.957763671875,146.44236755371094,
2024-10-07,2421.796630859375,143.99179077148438,
2024-10-08,2439.8408203125,143.39442443847656,
2024-10-09,2368.283447265625,139.31553649902344,
2024-10-10,2383.85791015625,138.88841247558594,
2024-10-11,2436.513427734375,145.3811492919922,
2024-10-12,2476.523193359375,146.5002899169922,
2024-10-13,2467.677001953125,147.5724334716797,
2024-10-14,2628.89990234375,157.44512939453125,
2024-10-15,2606.02197265625,154.7206268310547,
2024-10-16,2611.10205078125,154.23422241210938,
2024-10-17,2604.2734375,150.31602478027344,
2024-10-18,2641.55224609375,154.97593688964844,
2024-10-19,2648.656982421875,159.6393585205078,
2024-10-20,2746.364013671875,166.9398193359375,
2024-10-21,2665.712158203125,166.2168731689453,
2024-10-22,2620.197509765625,167.26014709472656,
2024-10-23,2509.098876953125,170.9324951171875,
2024-10-24,2534.49853515625,177.1569366455078,
2024-10-25,2435.93408203125,164.75689697265625,
2024-10-26,2479.603271484375,170.70596313476562,
2024-10-27,2505.940673828125,176.5491943359375,
2024-10-28,2565.34814453125,178.1049041748047,
2024-10-29,2637.95751953125,179.36074829101562,
2024-10-30,2657.37255859375,174.9249725341797,
2024-10-31,2515.79931640625,168.42999267578125,
2024-11-01,2511.885498046875,166.2621307373047,
2024-11-02,2491.068603515625,166.01034545898438,
2024-11-03,2456.42529296875,162.55130004882812,
2024-11-04,2397.0263671875,157.74710083007812,
2024-11-05,2422.650634765625,166.72239685058594,
2024-11-06,2724.169189453125,186.9547882080078,
2024-11-07,2895.58544921875,196.3345947265625,
2024-11-08,2962.296630859375,199.9390106201172,
2024-11-09,3131.14453125,200.19491577148438,
2024-11-10,3191.331298828125,210.6137237548828,
2024-11-11,3374.81298828125,222.6416778564453,
2024-11-12,3246.25732421875,212.2318115234375,
2024-11-13,3192.595947265625,215.18455505371094,
2024-11-14,3058.94873046875,209.2190704345703,
2024-11-15,3103.04052734375,218.09490966796875,
2024-11-16,3133.27392578125,215.8488311767578,
2024-11-17,3075.66162109375,237.57553100585938,
2024-11-18,3207.8564453125,239.79425048828125,
2024-11-19,3111.384033203125,238.09754943847656,
2024-11-20,3072.18798828125,235.4236602783203,
2024-11-21,3361.053955078125,257.0658874511719,
2024-11-22,3331.600830078125,256.5186767578125,
2024-11-23,3396.223388671875,255.1785125732422,
2024-11-24,3363.659912109375,252.91952514648438,
2024-11-25,3413.5439453125,234.4466094970703,
2024-11-26,3326.517333984375,230.9781951904297,
2024-11-27,3657.249267578125,242.30221557617188,
2024-11-28,3579.8115234375,237.76400756835938,
2024-11-29,3593.494384765625,243.54949951171875,6.079583168029785
2024-11-30,3705.705322265625,237.74374389648438,8.714290618896484
2024-12-01,3711.1650390625,237.06993103027344,9.12222957611084
2024-12-02,3644.198486328125,225.75619506835938,8.263359069824219
2024-12-03,3620.711669921875,234.2003173828125,11.277477264404297
2024-12-04,3841.3310546875,229.11929321289062,11.608661651611328
2024-12-05,3811.00830078125,233.9987030029297,11.97228717803955
2024-12-06,4005.810546875,237.0510711669922,14.120070457458496
2024-12-07,4002.692626953125,238.54795837402344,14.340415954589844
2024-12-08,4005.70458984375,236.67233276367188,14.146639823913574
2024-12-09,3718.6904296875,217.34146118164062,12.982531547546387
2024-12-10,3631.833740234375,213.82461547851562,13.85832405090332
2024-12-11,3832.822021484375,227.44683837890625,16.200775146484375
2024-12-12,3883.1015625,227.02671813964844,17.840618133544922
2024-12-13,3911.205322265625,224.83729553222656,19.22227668762207
2024-12-14,3868.4052734375,219.84075927734375,24.00943946838379
2024-12-15,3951.941162109375,223.6576690673828,23.792699813842773
2024-12-16,3987.48095703125,216.3349609375,27.003265380859375
2024-12-17,3886.76611328125,222.8167266845703,25.68900489807129
2024-12-18,3618.791259765625,206.38174438476562,23.509660720825195
2024-12-19,3417.927978515625,194.28451538085938,25.223459243774414
2024-12-20,3472.553466796875,194.2081756591797,29.83612823486328
2024-12-21,3337.222412109375,181.30145263671875,32.30278778076172
2024-12-22,3277.53515625,180.16891479492188,28.112287521362305
2024-12-23,3415.785400390625,189.75369262695312,28.504302978515625
2024-12-24,3492.0498046875,196.98902893066406,29.79091453552246
2024-12-25,3493.2353515625,197.4790802001953,26.612699508666992
2024-12-26,3331.225830078125,188.21810913085938,27.120712280273438
2024-12-27,3328.9169921875,183.82847595214844,27.175500869750977
2024-12-28,3397.90234375,195.01353454589844,29.16713523864746
2024-12-29,3349.513427734375,189.7442626953125,27.547779083251953
2024-12-30,3356.392578125,191.02804565429688,26.993515014648438
2024-12-31,3332.53173828125,189.2644805908203,23.89495277404785
2025-01-01,3353.504150390625,193.8737335205078,26.322181701660156
2025-01-02,3451.392578125,207.7670440673828,23.189088821411133
2025-01-03,3605.009765625,217.74732971191406,24.424726486206055
2025-01-04,3657.706787109375,216.6229248046875,24.93999671936035
2025-01-05,3634.103759765625,213.3936309814453,24.40407371520996
2025-01-06,3688.611328125,218.72312927246094,25.227935791015625
2025-01-07,3381.577392578125,202.23025512695312,23.63067054748535
2025-01-08,3326.329345703125,197.55905151367188,22.58957862854004
2025-01-09,3219.4306640625,185.02528381347656,20.244874954223633
2025-01-10,3267.489990234375,187.5791778564453,20.709060668945312
2025-01-11,3282.2177734375,187.99551391601562,20.916793823242188
2025-01-12,3265.951171875,188.5603790283203,21.101482391357422
2025-01-13,3135.499755859375,182.83535766601562,21.626585006713867
2025-01-14,3223.6845703125,187.49859619140625,22.99149513244629
2025-01-15,3450.53759765625,205.91134643554688,24.353694915771484
2025-01-16,3308.34521484375,211.22784423828125,23.50821876525879
2025-01-17,3474.107177734375,219.62161254882812,23.057104110717773
2025-01-18,3305.78955078125,261.8697509765625,21.932174682617188
2025-01-19,3208.96435546875,250.58636474609375,20.28104591369629
2025-01-20,3278.035400390625,242.25022888183594,20.58922576904297
2025-01-21,3327.40625,250.41378784179688,23.183120727539062
2025-01-22,3240.224609375,257.23736572265625,24.25998306274414
2025-01-23,3334.714111328125,253.4552001953125,22.112546920776367
2025-01-24,3309.554931640625,253.36122131347656,23.02239418029785
2025-01-25,3317.26953125,256.0735778808594,23.09908103942871
2025-01-26,3236.13427734375,240.88345336914062,22.2183895111084
2025-01-27,3178.92041015625,235.07444763183594,23.231664657592773
2025-01-28,3077.112548828125,227.20396423339844,22.302547454833984
2025-01-29,3112.9990234375,227.94493103027344,23.745817184448242
2025-01-30,3247.780029296875,239.0231475830078,27.424545288085938
2025-01-31,3298.26513671875,231.63790893554688,26.90484619140625
2025-02-01,3118.32861328125,213.78501892089844,23.113807678222656
2025-02-02,2868.69287109375,203.11962890625,22.381561279296875
2025-02-03,2884.566650390625,216.1495819091797,25.185035705566406
2025-02-04,2735.05126953125,207.09197998046875,25.12031364440918
2025-02-05,2787.779052734375,195.98814392089844,24.762439727783203
2025-02-06,2688.40087890625,189.77249145507812,23.855052947998047
2025-02-07,2622.211181640625,192.20465087890625,22.836088180541992
2025-02-08,2632.308349609375,199.5998992919922,23.42882537841797
2025-02-09,2628.72119140625,200.49755859375,23.03217124938965
2025-02-10,2661.166748046875,200.35635375976562,23.3095760345459
2025-02-11,2602.781982421875,197.98236083984375,23.49588394165039
2025-02-12,2736.902099609375,196.7738037109375,25.83469009399414
2025-02-13,2675.902587890625,194.46095275878906,26.258150100708008
2025-02-14,2726.091552734375,199.9356689453125,26.258136749267578
2025-02-15,2693.559814453125,194.48208618164062,25.643131256103516
2025-02-16,2663.31591796875,188.4864044189453,26.823030471801758
2025-02-17,2743.19970703125,177.6897430419922,25.389522552490234
2025-02-18,2669.3388671875,169.08428955078125,23.947614669799805
2025-02-19,2715.77099609375,169.01080322265625,24.076152801513672
2025-02-20,2740.386474609375,176.04888916015625,24.466243743896484
2025-02-21,2659.655517578125,168.89163208007812,24.935644149780273
2025-02-22,2764.029296875,172.16285705566406,24.829498291015625
2025-02-23,2821.310302734375,168.03811645507812,23.20899772644043
2025-02-24,2513.8212890625,141.98948669433594,19.927766799926758
2025-02-25,2493.592529296875,144.10775756835938,20.264501571655273
2025-02-26,2331.45263671875,134.83132934570312,19.520601272583008
2025-02-27,2305.484375,137.6208038330078,20.883678436279297
2025-02-28,2237.9052734375,148.03001403808594,20.02018928527832
2025-03-01,2216.643310546875,143.6757049560547,19.615234375
2025-03-02,2519.694580078125,178.49549865722656,20.46027374267578
2025-03-03,2145.573974609375,142.02108764648438,17.865930557250977
2025-03-04,2170.01513671875,144.9165802001953,17.1688175201416
2025-03-05,2241.977294921875,146.26730346679688,17.16761589050293
2025-03-06,2202.476806640625,143.355224609375,15.363432884216309
2025-03-07,2138.987548828125,139.20913696289062,15.091766357421875
2025-03-08,2201.51025390625,136.94207763671875,15.125873565673828
2025-03-09,2015.5091552734375,126.43543243408203,14.46262264251709
2025-03-10,1861.1513671875,118.291748046875,13.513055801391602
2025-03-11,1919.844970703125,125.26394653320312,13.730624198913574
2025-03-12,1908.982666015625,126.58324432373047,13.23147201538086
2025-03-13,1862.9696044921875,123.28614807128906,12.341560363769531
2025-03-14,1909.467529296875,133.31448364257812,13.768692970275879
2025-03-15,1937.3946533203125,135.91253662109375,14.385722160339355
2025-03-16,1887.43505859375,125.98810577392578,12.967037200927734
2025-03-17,1927.0029296875,128.16371154785156,13.267951965332031
2025-03-18,1932.54345703125,125.31269836425781,14.15859603881836
2025-03-19,2057.7490234375,135.572509765625,15.578302383422852
2025-03-20,1982.099853515625,127.49718475341797,14.145621299743652
2025-03-21,1964.8475341796875,128.43031311035156,15.882047653198242
2025-03-22,1980.037841796875,128.4849853515625,15.563880920410156
2025-03-23,2005.2991943359375,132.5993194580078,16.261606216430664
2025-03-24,2077.47900390625,140.86927795410156,16.668542861938477
2025-03-25,2067.76416015625,143.81707763671875,16.053844451904297
2025-03-26,2009.1893310546875,137.28857421875,14.025702476501465
2025-03-27,2002.357421875,138.34738159179688,14.605301856994629
2025-03-28,1895.5029296875,129.42315673828125,13.381643295288086
2025-03-29,1827.3203125,124.587646484375,12.797877311706543
2025-03-30,1806.2186279296875,124.64263153076172,12.469366073608398
2025-03-31,1823.47998046875,124.69412994384766,12.983317375183105
2025-04-01,1905.491455078125,126.68238067626953,13.333250045776367
2025-04-02,1795.313232421875,117.75762939453125,11.73275375366211
2025-04-03,1815.63720703125,117.06145477294922,11.693442344665527
2025-04-04,1815.335205078125,122.78688049316406,11.878623962402344
2025-04-05,1805.9732666015625,120.25899505615234,12.02933120727539
2025-04-06,1576.72802734375,105.7120132446289,10.216595649719238
2025-04-07,1555.240966796875,106.90277862548828,11.43281364440918
2025-04-08,1472.5531005859375,105.51219177246094,11.218594551086426
2025-04-09,1668.0400390625,119.05754089355469,13.563093185424805
2025-04-10,1522.518798828125,112.80392456054688,14.223222732543945
2025-04-11,1567.1497802734375,121.53237915039062,15.719928741455078
2025-04-12,1643.528564453125,132.26055908203125,16.301475524902344
2025-04-13,1596.685791015625,128.58079528808594,15.425456047058105
2025-04-14,1622.7698974609375,129.3103790283203,15.7169771194458
2025-04-15,1588.6324462890625,126.26313018798828,15.083056449890137
2025-04-16,1578.1053466796875,131.44969177246094,15.736123085021973
2025-04-17,1582.54833984375,134.69874572753906,17.048952102661133
2025-04-18,1588.9246826171875,134.07350158691406,17.06405258178711
2025-04-19,1612.9228515625,139.75025939941406,18.074508666992188
2025-04-20,1587.5142822265625,137.77459716796875,17.59285545349121
2025-04-21,1579.7344970703125,136.7043914794922,18.199100494384766
2025-04-22,1757.3316650390625,148.73941040039062,19.175861358642578
2025-04-23,1796.104248046875,151.15272521972656,18.454490661621094
2025-04-24,1769.8316650390625,152.3036346435547,18.77532386779785
2025-04-25,1786.634521484375,150.91500854492188,18.39606475830078
2025-04-26,1821.881103515625,149.28936767578125,17.92460823059082
2025-04-27,1792.864990234375,148.24583435058594,17.399404525756836
2025-04-28,1798.851806640625,147.8099365234375,18.626819610595703
2025-04-29,1799.1756591796875,146.42787170410156,18.579015731811523
2025-04-30,1793.775390625,147.64320373535156,19.97735023498535
2025-05-01,1839.2215576171875,150.84658813476562,19.902528762817383
2025-05-02,1842.7078857421875,148.05003356933594,20.766923904418945
2025-05-03,1833.8397216796875,146.79605102539062,20.958478927612305
2025-05-04,1808.59423828125,143.98306274414062,19.89646339416504
2025-05-05,1819.697509765625,146.69664001464844,20.27845573425293
2025-05-06,1815.0875244140625,146.7664031982422,20.95364761352539
2025-05-07,1811.606689453125,147.2137451171875,21.03567123413086
2025-05-08,2206.5146484375,163.96078491210938,23.296369552612305
2025-05-09,2345.50732421875,172.82827758789062,24.700355529785156
2025-05-10,2582.422607421875,177.62181091308594,26.20892906188965
2025-05-11,2510.23779296875,173.02645874023438,24.872854232788086
2025-05-12,2496.397705078125,174.24789428710938,24.81769561767578
2025-05-13,2680.129638671875,184.00625610351562,25.837982177734375
2025-05-14,2610.063232421875,176.709228515625,25.22927474975586
2025-05-15,2546.85693359375,169.00999450683594,26.07160758972168
2025-05-16,2536.297607421875,167.33395385742188,26.804828643798828
2025-05-17,2475.75439453125,165.9308319091797,25.857694625854492
2025-05-18,2498.233642578125,173.89871215820312,27.203100204467773
2025-05-19,2529.166748046875,166.86422729492188,26.533750534057617
2025-05-20,2524.173095703125,168.4836883544922,26.483884811401367
2025-05-21,2552.34716796875,173.68173217773438,28.25662612915039
2025-05-22,2664.156982421875,179.69094848632812,33.422916412353516
2025-05-23,2526.44189453125,173.82542419433594,32.74822235107422
2025-05-24,2530.646240234375,176.0424041748047,34.85846710205078
2025-05-25,2551.763916015625,175.72547912597656,39.076271057128906
2025-05-26,2564.138427734375,174.90789794921875,37.24793243408203
2025-05-27,2663.06982421875,176.815185546875,35.74214172363281
2025-05-28,2682.212890625,172.18955993652344,34.49049377441406
2025-05-29,2632.65478515625,166.5881805419922,31.429424285888672
2025-05-30,2529.943603515625,156.23471069335938,32.74142074584961
2025-05-31,2529.08740234375,156.63894653320312,32.82887649536133
2025-06-01,2536.266357421875,157.7845458984375,34.1154670715332
2025-06-02,2607.097412109375,156.99806213378906,36.57834243774414
2025-06-03,2593.2802734375,155.34317016601562,36.13697052001953
2025-06-04,2608.64306640625,153.35964965820312,35.679378509521484
2025-06-05,2416.28564453125,144.54295349121094,34.117740631103516
2025-06-06,2477.19482421875,147.9131317138672,33.373836517333984
2025-06-07,2526.50537109375,150.13406372070312,34.988380432128906
2025-06-08,2510.787109375,152.4300994873047,34.98918914794922
2025-06-09,2681.51708984375,161.08865356445312,38.8232536315918
2025-06-10,2813.517578125,165.02816772460938,42.13616180419922
2025-06-11,2773.529296875,161.0558624267578,41.84989929199219
2025-06-12,2651.795166015625,152.7896728515625,40.75477600097656
2025-06-13,2579.486083984375,148.62835693359375,42.381290435791016
2025-06-14,2533.444091796875,144.7637481689453,40.12017822265625
2025-06-15,2546.837158203125,152.81439208984375,41.271671295166016
2025-06-16,2540.60498046875,150.8699951171875,42.12264633178711
2025-06-17,2510.761474609375,147.7498016357422,40.023475646972656
2025-06-18,2524.301513671875,146.35311889648438,39.3115119934082
2025-06-19,2521.653564453125,147.07147216796875,36.895835876464844
2025-06-20,2407.30419921875,140.16859436035156,33.414276123046875
2025-06-21,2300.49560546875,135.1610107421875,33.895015716552734
2025-06-22,2228.213134765625,131.61569213867188,35.67891311645508
2025-06-23,2421.824951171875,144.8467254638672,38.363548278808594
2025-06-24,2448.0087890625,145.95452880859375,37.483734130859375
2025-06-25,2419.310302734375,143.505126953125,36.98551559448242
2025-06-26,2416.146728515625,139.0598602294922,35.8011589050293
2025-06-27,2423.866943359375,142.1914825439453,36.57001876831055
2025-06-28,2437.109375,150.8275604248047,37.73735427856445
2025-06-29,2500.9599609375,153.35308837890625,39.737831115722656
2025-06-30,2486.46435546875,154.7353057861328,39.400428771972656
2025-07-01,2405.792724609375,146.9266357421875,36.945526123046875
2025-07-02,2571.33544921875,152.22763061523438,39.90736389160156
2025-07-03,2591.00732421875,152.40179443359375,40.18292236328125
2025-07-04,2508.518310546875,147.76364135742188,39.11683654785156
2025-07-05,2517.280029296875,147.64144897460938,39.0970458984375
2025-07-06,2571.236572265625,151.87294006347656,39.799739837646484
2025-07-07,2543.01318359375,148.87234497070312,38.59589767456055
2025-07-08,2615.505859375,151.81039428710938,38.86143112182617
2025-07-09,2770.777587890625,157.28150939941406,40.828697204589844
2025-07-10,2954.84521484375,164.06277465820312,43.82574462890625
2025-07-11,2957.88623046875,162.8833770751953,46.27703857421875
2025-07-12,2942.91162109375,160.68484497070312,47.106910705566406
2025-07-13,2973.35888671875,161.1940155029297,48.87472915649414
2025-07-14,3013.350830078125,162.2752227783203,47.525821685791016
2025-07-15,3139.8896484375,163.950439453125,47.92780685424805
2025-07-16,3371.5068359375,173.70848083496094,46.95370101928711
2025-07-17,3476.784423828125,175.7930450439453,45.678741455078125
2025-07-18,3549.016357421875,177.38197326660156,44.342830657958984
2025-07-19,3595.273681640625,177.07012939453125,44.43382263183594
2025-07-20,3759.471435546875,181.54603576660156,46.011688232421875
2025-07-21,3763.371337890625,195.9942626953125,44.19742965698242
2025-07-22,3749.1455078125,205.70054626464844,46.14732360839844
2025-07-23,3629.70361328125,189.54293823242188,43.66399383544922
2025-07-24,3708.005615234375,182.60606384277344,42.08848190307617
2025-07-25,3727.266845703125,186.7796630859375,44.15247344970703
2025-07-26,3741.39599609375,184.91387939453125,43.41700744628906
2025-07-27,3875.24658203125,188.73348999023438,43.677589416503906
2025-07-28,3787.42578125,182.54156494140625,43.615570068359375
2025-07-29,3793.454833984375,181.33531188964844,43.450950622558594
2025-07-30,3808.20166015625,177.6940155029297,42.24032974243164
2025-07-31,3696.707763671875,172.42434692382812,40.812339782714844
2025-08-01,3488.365966796875,162.87709045410156,37.58002471923828
2025-08-02,3392.7412109375,158.48301696777344,36.978675842285156
2025-08-03,3497.379150390625,161.95497131347656,38.20661544799805
2025-08-04,3718.986083984375,169.42568969726562,38.75093460083008
2025-08-05,3611.8994140625,164.096435546875,38.45287322998047
2025-08-06,3683.920654296875,168.1757354736328,38.07161331176758
2025-08-07,3914.325927734375,175.4854278564453,40.9472770690918
2025-08-08,4009.848876953125,176.76329040527344,41.02619552612305
2025-08-09,4263.59912109375,180.18234252929688,43.68708038330078
2025-08-10,4254.2177734375,182.90301513671875,45.2579231262207
2025-08-11,4226.966796875,174.97781372070312,43.192481994628906
2025-08-12,4590.9248046875,191.85682678222656,44.8909912109375
2025-08-13,4756.27587890625,201.59042358398438,47.66459655761719
2025-08-14,4548.16650390625,192.58595275878906,45.467323303222656
2025-08-15,4439.98876953125,185.7412567138672,47.758056640625
2025-08-16,4426.18017578125,189.76699829101562,46.29021453857422
2025-08-17,4473.271484375,191.16482543945312,46.06902313232422
2025-08-18,4312.5048828125,183.0698699951172,43.259578704833984
2025-08-19,4073.464111328125,176.11227416992188,41.180782318115234
2025-08-20,4334.50048828125,187.5863037109375,42.871517181396484
2025-08-21,4223.2099609375,180.28062438964844,40.471275329589844
2025-08-22,4831.3486328125,200.64744567871094,45.34172821044922
2025-08-23,4776.09033203125,203.93673706054688,44.84551239013672
2025-08-24,4779.6474609375,205.8523712158203,45.9453125
2025-08-25,4372.98779296875,187.2784423828125,43.16413879394531
2025-08-26,4600.4267578125,195.90509033203125,48.66868591308594
2025-08-27,4503.39306640625,202.92337036132812,46.89177322387695
2025-08-28,4507.177734375,214.4056396484375,45.62723922729492
2025-08-29,4360.15283203125,205.22000122070312,44.39446258544922
2025-08-30,4374.1533203125,202.86013793945312,44.05892562866211
2025-08-31,4390.01904296875,200.86354064941406,44.29479217529297
2025-09-01,4314.47021484375,197.10833740234375,43.03582763671875
2025-09-02,4325.36572265625,209.48153686523438,44.81967544555664
2025-09-03,4450.38916015625,210.74630737304688,45.86339569091797
2025-09-04,4298.744140625,202.5601806640625,45.280094146728516
2025-09-05,4306.98876953125,203.49851989746094,47.19736099243164
2025-09-06,4274.2421875,200.24630737304688,46.1195182800293
2025-09-07,4305.34765625,206.4681854248047,47.06454849243164
2025-09-08,4308.072265625,214.1864013671875,50.8249397277832
2025-09-09,4309.04150390625,217.2506866455078,53.2334098815918
2025-09-10,4349.14599609375,223.98690795898438,55.4240608215332
2025-09-11,4461.2333984375,228.7561798095703,57.1192626953125
2025-09-12,4715.24609375,242.30328369140625,55.24616241455078
2025-09-13,4668.1796875,242.5959014892578,54.52346420288086
2025-09-14,4609.59765625,240.5576934814453,53.714012145996094
2025-09-15,4526.8203125,234.35755920410156,54.010292053222656
2025-09-16,4503.564453125,236.9895782470703,54.444217681884766
2025-09-17,4592.7333984375,244.85745239257812,57.69486618041992
2025-09-18,4589.9189453125,247.6371307373047,58.57575607299805
2025-09-19,4470.9169921875,238.55270385742188,56.15926742553711
2025-09-20,4482.265625,239.5924835205078,54.16648483276367
2025-09-21,4451.3291015625,236.57545471191406,50.82506561279297
2025-09-22,4202.87744140625,220.49644470214844,47.26246643066406
2025-09-23,4165.50390625,213.71730041503906,44.62025451660156
2025-09-24,4153.46923828125,211.75625610351562,45.609161376953125
2025-09-25,3868.333984375,192.38076782226562,40.34850311279297
2025-09-26,4035.887939453125,205.35255432128906,44.77632141113281
2025-09-27,4018.658203125,203.5833282470703,45.707969665527344
2025-09-28,4141.4765625,210.7377471923828,47.10173416137695
2025-09-29,4217.341796875,213.05340576171875,46.230735778808594
2025-09-30,4145.95751953125,208.7431182861328,45.23942947387695
2025-10-01,4351.1123046875,221.67587280273438,47.152042388916016
2025-10-02,4487.923828125,234.85687255859375,50.74171447753906
2025-10-03,4514.87060546875,233.00196838378906,49.49342346191406
